name,artist,acousticness,analysis_url,danceability,duration_ms,energy,id,instrumentalness,key,liveness,loudness,mode,speechiness,tempo,time_signature,track_href,type,uri,valence
we can't be friends (wait for your love),Ariana Grande,0.0657,https://api.spotify.com/v1/audio-analysis/51ZQ1vr10ffzbwIjDCwqm4,0.645,228639,0.663,51ZQ1vr10ffzbwIjDCwqm4,3.18e-05,5,0.0751,-8.305,1,0.0447,115.83,4,https://api.spotify.com/v1/tracks/51ZQ1vr10ffzbwIjDCwqm4,audio_features,spotify:track:51ZQ1vr10ffzbwIjDCwqm4,0.287
End of Beginning,Djo,0.0351,https://api.spotify.com/v1/audio-analysis/3qhlB30KknSejmIvZZLjOD,0.689,159246,0.454,3qhlB30KknSejmIvZZLjOD,0.00259,2,0.0707,-7.643,1,0.0584,159.982,4,https://api.spotify.com/v1/tracks/3qhlB30KknSejmIvZZLjOD,audio_features,spotify:track:3qhlB30KknSejmIvZZLjOD,0.912
Beautiful Things,Benson Boone,0.151,https://api.spotify.com/v1/audio-analysis/6tNQ70jh4OwmPGpYy6R2o9,0.472,180304,0.471,6tNQ70jh4OwmPGpYy6R2o9,0.0,10,0.14,-5.692,1,0.0603,105.029,3,https://api.spotify.com/v1/tracks/6tNQ70jh4OwmPGpYy6R2o9,audio_features,spotify:track:6tNQ70jh4OwmPGpYy6R2o9,0.219
Like That,Future,0.00709,https://api.spotify.com/v1/audio-analysis/2tudvzsrR56uom6smgOcSf,0.814,267707,0.676,2tudvzsrR56uom6smgOcSf,1.28e-05,11,0.119,-4.67,0,0.231,162.012,4,https://api.spotify.com/v1/tracks/2tudvzsrR56uom6smgOcSf,audio_features,spotify:track:2tudvzsrR56uom6smgOcSf,0.312
i like the way you kiss me,Artemas,0.000938,https://api.spotify.com/v1/audio-analysis/2GxrNKugF82CnoRFbQfzPf,0.599,142515,0.946,2GxrNKugF82CnoRFbQfzPf,0.0106,11,0.0826,-4.263,1,0.0447,151.647,4,https://api.spotify.com/v1/tracks/2GxrNKugF82CnoRFbQfzPf,audio_features,spotify:track:2GxrNKugF82CnoRFbQfzPf,0.747
CARNIVAL,¥$,0.189,https://api.spotify.com/v1/audio-analysis/3w0w2T288dec0mgeZZqoNN,0.594,264324,0.811,3w0w2T288dec0mgeZZqoNN,0.0,1,0.339,-5.746,1,0.159,148.144,4,https://api.spotify.com/v1/tracks/3w0w2T288dec0mgeZZqoNN,audio_features,spotify:track:3w0w2T288dec0mgeZZqoNN,0.311
Too Sweet,Hozier,0.0295,https://api.spotify.com/v1/audio-analysis/4IadxL6BUymXlh8RCJJu7T,0.741,251424,0.62,4IadxL6BUymXlh8RCJJu7T,0.000809,10,0.0398,-5.505,1,0.0412,117.038,4,https://api.spotify.com/v1/tracks/4IadxL6BUymXlh8RCJJu7T,audio_features,spotify:track:4IadxL6BUymXlh8RCJJu7T,0.934
greedy,Tate McRae,0.256,https://api.spotify.com/v1/audio-analysis/3rUGC1vUpkDG9CZFHMur1t,0.75,131872,0.733,3rUGC1vUpkDG9CZFHMur1t,0.0,6,0.114,-3.18,0,0.0319,111.018,1,https://api.spotify.com/v1/tracks/3rUGC1vUpkDG9CZFHMur1t,audio_features,spotify:track:3rUGC1vUpkDG9CZFHMur1t,0.844
Lose Control,Teddy Swims,0.199,https://api.spotify.com/v1/audio-analysis/17phhZDn6oGtzMe56NuWvj,0.561,210689,0.604,17phhZDn6oGtzMe56NuWvj,1.9e-05,9,0.104,-4.409,1,0.0337,159.92,3,https://api.spotify.com/v1/tracks/17phhZDn6oGtzMe56NuWvj,audio_features,spotify:track:17phhZDn6oGtzMe56NuWvj,0.242
Gata Only,FloyyMenor,0.446,https://api.spotify.com/v1/audio-analysis/6XjDF6nds4DE2BBbagZol6,0.791,222000,0.499,6XjDF6nds4DE2BBbagZol6,2.41e-05,8,0.0899,-8.472,0,0.0509,99.986,4,https://api.spotify.com/v1/tracks/6XjDF6nds4DE2BBbagZol6,audio_features,spotify:track:6XjDF6nds4DE2BBbagZol6,0.669
Cruel Summer,Taylor Swift,0.117,https://api.spotify.com/v1/audio-analysis/1BxfuPKGuaTgP7aM0Bbdwr,0.552,178427,0.702,1BxfuPKGuaTgP7aM0Bbdwr,2.06e-05,9,0.105,-5.707,1,0.157,169.994,4,https://api.spotify.com/v1/tracks/1BxfuPKGuaTgP7aM0Bbdwr,audio_features,spotify:track:1BxfuPKGuaTgP7aM0Bbdwr,0.564
Type Shit,Future,0.0215,https://api.spotify.com/v1/audio-analysis/28drn6tQo95MRvO0jQEo5C,0.64,228267,0.552,28drn6tQo95MRvO0jQEo5C,0.0,2,0.119,-5.679,1,0.129,144.941,4,https://api.spotify.com/v1/tracks/28drn6tQo95MRvO0jQEo5C,audio_features,spotify:track:28drn6tQo95MRvO0jQEo5C,0.112
"One Of The Girls (with JENNIE, Lily Rose Depp)",The Weeknd,0.0524,https://api.spotify.com/v1/audio-analysis/1VNWdmXSbaNrnWod10WIL0,0.531,244685,0.652,1VNWdmXSbaNrnWod10WIL0,1.39e-06,8,0.162,-6.249,1,0.0325,87.521,4,https://api.spotify.com/v1/tracks/1VNWdmXSbaNrnWod10WIL0,audio_features,spotify:track:1VNWdmXSbaNrnWod10WIL0,0.179
TEXAS HOLD 'EM,Beyoncé,0.588,https://api.spotify.com/v1/audio-analysis/7AYmToZ5y67fBjq4RLFbuq,0.725,235636,0.709,7AYmToZ5y67fBjq4RLFbuq,0.0,2,0.135,-6.514,1,0.072,110.024,4,https://api.spotify.com/v1/tracks/7AYmToZ5y67fBjq4RLFbuq,audio_features,spotify:track:7AYmToZ5y67fBjq4RLFbuq,0.353
My Love Mine All Mine,Mitski,0.868,https://api.spotify.com/v1/audio-analysis/3vkCueOmm7xQDoJ17W1Pm3,0.504,137773,0.308,3vkCueOmm7xQDoJ17W1Pm3,0.135,9,0.158,-14.958,1,0.0321,113.95,4,https://api.spotify.com/v1/tracks/3vkCueOmm7xQDoJ17W1Pm3,audio_features,spotify:track:3vkCueOmm7xQDoJ17W1Pm3,0.121
Stick Season,Noah Kahan,0.782,https://api.spotify.com/v1/audio-analysis/0mflMxspEfB0VbI1kyLiAv,0.662,182347,0.488,0mflMxspEfB0VbI1kyLiAv,0.0,9,0.102,-6.894,1,0.0682,117.913,4,https://api.spotify.com/v1/tracks/0mflMxspEfB0VbI1kyLiAv,audio_features,spotify:track:0mflMxspEfB0VbI1kyLiAv,0.817
LUNA,Feid,0.131,https://api.spotify.com/v1/audio-analysis/7bywjHOc0wSjGGbj04XbVi,0.774,196800,0.86,7bywjHOc0wSjGGbj04XbVi,0.0,7,0.116,-2.888,0,0.13,100.019,4,https://api.spotify.com/v1/tracks/7bywjHOc0wSjGGbj04XbVi,audio_features,spotify:track:7bywjHOc0wSjGGbj04XbVi,0.446
La Diabla,Xavi,0.255,https://api.spotify.com/v1/audio-analysis/0R6NfOiLzLj4O5VbYSJAjf,0.751,172264,0.819,0R6NfOiLzLj4O5VbYSJAjf,0.0,11,0.236,-4.372,0,0.0409,131.842,3,https://api.spotify.com/v1/tracks/0R6NfOiLzLj4O5VbYSJAjf,audio_features,spotify:track:0R6NfOiLzLj4O5VbYSJAjf,0.697
Cinderella,Future,0.431,https://api.spotify.com/v1/audio-analysis/0hKtu53OlIFXVuYkZwcn3o,0.876,169840,0.412,0hKtu53OlIFXVuYkZwcn3o,0.0,5,0.101,-7.74,0,0.0748,130.052,4,https://api.spotify.com/v1/tracks/0hKtu53OlIFXVuYkZwcn3o,audio_features,spotify:track:0hKtu53OlIFXVuYkZwcn3o,0.15
Madonna,Natanael Cano,0.0449,https://api.spotify.com/v1/audio-analysis/5LhI8m7n8xlQmNe3b7Rwis,0.732,187088,0.873,5LhI8m7n8xlQmNe3b7Rwis,0.000803,0,0.347,-5.965,1,0.0321,128.029,3,https://api.spotify.com/v1/tracks/5LhI8m7n8xlQmNe3b7Rwis,audio_features,spotify:track:5LhI8m7n8xlQmNe3b7Rwis,0.662
obsessed,Olivia Rodrigo,0.0219,https://api.spotify.com/v1/audio-analysis/6tNgRQ0K2NYZ0Rb9l9DzL8,0.683,170542,0.587,6tNgRQ0K2NYZ0Rb9l9DzL8,0.0,8,0.305,-5.094,1,0.0915,119.985,4,https://api.spotify.com/v1/tracks/6tNgRQ0K2NYZ0Rb9l9DzL8,audio_features,spotify:track:6tNgRQ0K2NYZ0Rb9l9DzL8,0.697
redrum,21 Savage,0.00529,https://api.spotify.com/v1/audio-analysis/52eIcoLUM25zbQupAZYoFh,0.624,270698,0.74,52eIcoLUM25zbQupAZYoFh,0.000224,2,0.5,-8.445,1,0.0481,172.089,4,https://api.spotify.com/v1/tracks/52eIcoLUM25zbQupAZYoFh,audio_features,spotify:track:52eIcoLUM25zbQupAZYoFh,0.246
FE!N (feat. Playboi Carti),Travis Scott,0.0316,https://api.spotify.com/v1/audio-analysis/42VsgItocQwOQC3XWZ8JNA,0.569,191701,0.882,42VsgItocQwOQC3XWZ8JNA,0.0,3,0.142,-2.777,0,0.06,148.038,4,https://api.spotify.com/v1/tracks/42VsgItocQwOQC3XWZ8JNA,audio_features,spotify:track:42VsgItocQwOQC3XWZ8JNA,0.201
LA FALDA,Myke Towers,0.372,https://api.spotify.com/v1/audio-analysis/7iUtQNMRB8ZkKC4AmEuCJC,0.8,174230,0.738,7iUtQNMRB8ZkKC4AmEuCJC,0.00877,7,0.19,-4.26,1,0.0691,103.008,4,https://api.spotify.com/v1/tracks/7iUtQNMRB8ZkKC4AmEuCJC,audio_features,spotify:track:7iUtQNMRB8ZkKC4AmEuCJC,0.267
Saturn,SZA,0.62,https://api.spotify.com/v1/audio-analysis/1bjeWoagtHmUKputLVyDxQ,0.411,186192,0.619,1bjeWoagtHmUKputLVyDxQ,0.0,1,0.11,-6.834,1,0.0368,177.937,4,https://api.spotify.com/v1/tracks/1bjeWoagtHmUKputLVyDxQ,audio_features,spotify:track:1bjeWoagtHmUKputLVyDxQ,0.337
I Wanna Be Yours,Arctic Monkeys,0.136,https://api.spotify.com/v1/audio-analysis/5XeFesFbtLpXzIVDNQP22n,0.464,183956,0.417,5XeFesFbtLpXzIVDNQP22n,0.022,0,0.0974,-9.345,0,0.0256,67.528,4,https://api.spotify.com/v1/tracks/5XeFesFbtLpXzIVDNQP22n,audio_features,spotify:track:5XeFesFbtLpXzIVDNQP22n,0.479
Scared To Start,Michael Marcagi,0.384,https://api.spotify.com/v1/audio-analysis/3Pbp7cUCx4d3OAkZSCoNvn,0.527,159636,0.551,3Pbp7cUCx4d3OAkZSCoNvn,2.75e-06,7,0.403,-11.258,1,0.0345,148.035,4,https://api.spotify.com/v1/tracks/3Pbp7cUCx4d3OAkZSCoNvn,audio_features,spotify:track:3Pbp7cUCx4d3OAkZSCoNvn,0.443
Water,Tyla,0.0856,https://api.spotify.com/v1/audio-analysis/5aIVCx5tnk0ntmdiinnYvw,0.673,200256,0.722,5aIVCx5tnk0ntmdiinnYvw,0.0,3,0.137,-3.495,0,0.0755,117.187,4,https://api.spotify.com/v1/tracks/5aIVCx5tnk0ntmdiinnYvw,audio_features,spotify:track:5aIVCx5tnk0ntmdiinnYvw,0.519
"yes, and?",Ariana Grande,0.194,https://api.spotify.com/v1/audio-analysis/5D34wRmbFS29AjtTOP2QJe,0.785,214994,0.766,5D34wRmbFS29AjtTOP2QJe,7.57e-05,1,0.107,-6.551,1,0.0503,119.029,4,https://api.spotify.com/v1/tracks/5D34wRmbFS29AjtTOP2QJe,audio_features,spotify:track:5D34wRmbFS29AjtTOP2QJe,0.804
Corazón de Piedra,Xavi,0.0354,https://api.spotify.com/v1/audio-analysis/0dEAiKNbHt4mrjjoiL0loc,0.834,193568,0.763,0dEAiKNbHt4mrjjoiL0loc,2.33e-06,2,0.273,-5.475,1,0.0835,134.844,3,https://api.spotify.com/v1/tracks/0dEAiKNbHt4mrjjoiL0loc,audio_features,spotify:track:0dEAiKNbHt4mrjjoiL0loc,0.633
Lovin On Me,Jack Harlow,0.0026,https://api.spotify.com/v1/audio-analysis/4xhsWYTOGcal8zt0J161CU,0.943,138411,0.558,4xhsWYTOGcal8zt0J161CU,2.19e-06,2,0.0937,-4.911,1,0.0568,104.983,4,https://api.spotify.com/v1/tracks/4xhsWYTOGcal8zt0J161CU,audio_features,spotify:track:4xhsWYTOGcal8zt0J161CU,0.606
Houdini,Dua Lipa,0.0036,https://api.spotify.com/v1/audio-analysis/4OMJGnvZfDvsePyCwRGO7X,0.744,185918,0.789,4OMJGnvZfDvsePyCwRGO7X,0.00144,9,0.0947,-4.876,0,0.059,116.985,4,https://api.spotify.com/v1/tracks/4OMJGnvZfDvsePyCwRGO7X,audio_features,spotify:track:4OMJGnvZfDvsePyCwRGO7X,0.866
Unwritten,Natasha Bedingfield,0.00584,https://api.spotify.com/v1/audio-analysis/3U5JVgI2x4rDyHGObzJfNf,0.706,259333,0.8,3U5JVgI2x4rDyHGObzJfNf,0.0,5,0.0822,-6.333,1,0.0399,100.011,4,https://api.spotify.com/v1/tracks/3U5JVgI2x4rDyHGObzJfNf,audio_features,spotify:track:3U5JVgI2x4rDyHGObzJfNf,0.629
The Night We Met,Lord Huron,0.969,https://api.spotify.com/v1/audio-analysis/0QZ5yyl6B6utIWkxeBDxQN,0.545,208212,0.366,0QZ5yyl6B6utIWkxeBDxQN,0.267,2,0.641,-9.51,1,0.0378,86.997,3,https://api.spotify.com/v1/tracks/0QZ5yyl6B6utIWkxeBDxQN,audio_features,spotify:track:0QZ5yyl6B6utIWkxeBDxQN,0.1
intro (end of the world),Ariana Grande,0.671,https://api.spotify.com/v1/audio-analysis/2o1pb13quMReXZqE7jWsgq,0.501,92400,0.373,2o1pb13quMReXZqE7jWsgq,0.0,10,0.177,-9.488,1,0.0493,84.682,4,https://api.spotify.com/v1/tracks/2o1pb13quMReXZqE7jWsgq,audio_features,spotify:track:2o1pb13quMReXZqE7jWsgq,0.38
Magnetic,ILLIT,0.257,https://api.spotify.com/v1/audio-analysis/1aKvZDoLGkNMxoRYgkckZG,0.797,160688,0.668,1aKvZDoLGkNMxoRYgkckZG,0.0,6,0.0876,-5.819,1,0.0687,131.067,4,https://api.spotify.com/v1/tracks/1aKvZDoLGkNMxoRYgkckZG,audio_features,spotify:track:1aKvZDoLGkNMxoRYgkckZG,0.69
Seven (feat. Latto) (Explicit Ver.),Jung Kook,0.312,https://api.spotify.com/v1/audio-analysis/2HRgqmZQC0MC7GeNuDIXHN,0.79,183551,0.831,2HRgqmZQC0MC7GeNuDIXHN,0.0,11,0.0797,-4.185,1,0.044,124.987,4,https://api.spotify.com/v1/tracks/2HRgqmZQC0MC7GeNuDIXHN,audio_features,spotify:track:2HRgqmZQC0MC7GeNuDIXHN,0.872
the boy is mine,Ariana Grande,0.149,https://api.spotify.com/v1/audio-analysis/0Lmbke3KNVFXtoH2mMSHCw,0.796,173640,0.623,0Lmbke3KNVFXtoH2mMSHCw,0.0,7,0.0746,-5.819,0,0.0522,98.003,4,https://api.spotify.com/v1/tracks/0Lmbke3KNVFXtoH2mMSHCw,audio_features,spotify:track:0Lmbke3KNVFXtoH2mMSHCw,0.443
We Don't Trust You,Future,0.478,https://api.spotify.com/v1/audio-analysis/1pnDvUuAEd6z8bKEsbAjk1,0.779,226213,0.508,1pnDvUuAEd6z8bKEsbAjk1,0.000439,6,0.243,-7.169,0,0.271,124.091,4,https://api.spotify.com/v1/tracks/1pnDvUuAEd6z8bKEsbAjk1,audio_features,spotify:track:1pnDvUuAEd6z8bKEsbAjk1,0.346
I Remember Everything (feat. Kacey Musgraves),Zach Bryan,0.554,https://api.spotify.com/v1/audio-analysis/4KULAymBBJcPRpk1yO4dOG,0.429,227196,0.453,4KULAymBBJcPRpk1yO4dOG,2e-06,0,0.102,-7.746,1,0.0459,77.639,4,https://api.spotify.com/v1/tracks/4KULAymBBJcPRpk1yO4dOG,audio_features,spotify:track:4KULAymBBJcPRpk1yO4dOG,0.155
Training Season,Dua Lipa,0.0365,https://api.spotify.com/v1/audio-analysis/6Qb7YsAqH4wWFUMbGsCpap,0.815,209488,0.582,6Qb7YsAqH4wWFUMbGsCpap,1.45e-06,5,0.138,-4.5,0,0.0532,123.03,4,https://api.spotify.com/v1/tracks/6Qb7YsAqH4wWFUMbGsCpap,audio_features,spotify:track:6Qb7YsAqH4wWFUMbGsCpap,0.671
PERRO NEGRO,Bad Bunny,0.0887,https://api.spotify.com/v1/audio-analysis/7iQXYTyuG13aoeHxGG28Nh,0.911,162768,0.778,7iQXYTyuG13aoeHxGG28Nh,2.16e-05,5,0.179,-2.248,1,0.262,96.057,4,https://api.spotify.com/v1/tracks/7iQXYTyuG13aoeHxGG28Nh,audio_features,spotify:track:7iQXYTyuG13aoeHxGG28Nh,0.345
vampire,Olivia Rodrigo,0.177,https://api.spotify.com/v1/audio-analysis/1kuGVB7EU95pJObxwvfwKS,0.511,219724,0.532,1kuGVB7EU95pJObxwvfwKS,0.0,5,0.291,-5.745,1,0.0578,138.005,4,https://api.spotify.com/v1/tracks/1kuGVB7EU95pJObxwvfwKS,audio_features,spotify:track:1kuGVB7EU95pJObxwvfwKS,0.35
Whatever She Wants,Bryson Tiller,0.102,https://api.spotify.com/v1/audio-analysis/57wp7VFnV8X0pSVnYArGeJ,0.82,161342,0.487,57wp7VFnV8X0pSVnYArGeJ,0.0,9,0.0803,-7.358,0,0.0959,96.028,4,https://api.spotify.com/v1/tracks/57wp7VFnV8X0pSVnYArGeJ,audio_features,spotify:track:57wp7VFnV8X0pSVnYArGeJ,0.431
Evergreen,Richy Mitch & The Coal Miners,0.557,https://api.spotify.com/v1/audio-analysis/6me7F0aaZjwDo6RJ5MrfBD,0.555,87000,0.216,6me7F0aaZjwDo6RJ5MrfBD,0.00416,3,0.109,-11.661,1,0.0721,79.109,3,https://api.spotify.com/v1/tracks/6me7F0aaZjwDo6RJ5MrfBD,audio_features,spotify:track:6me7F0aaZjwDo6RJ5MrfBD,0.504
Praise Jah In The Moonlight,YG Marley,0.128,https://api.spotify.com/v1/audio-analysis/3h5TiWTqGxjSjFrbruPFH9,0.66,263040,0.727,3h5TiWTqGxjSjFrbruPFH9,1.31e-05,6,0.524,-4.028,0,0.0441,125.023,4,https://api.spotify.com/v1/tracks/3h5TiWTqGxjSjFrbruPFH9,audio_features,spotify:track:3h5TiWTqGxjSjFrbruPFH9,0.418
Starboy,The Weeknd,0.141,https://api.spotify.com/v1/audio-analysis/7MXVkk9YMctZqd1Srtv4MB,0.679,230453,0.587,7MXVkk9YMctZqd1Srtv4MB,6.35e-06,7,0.137,-7.015,1,0.276,186.003,4,https://api.spotify.com/v1/tracks/7MXVkk9YMctZqd1Srtv4MB,audio_features,spotify:track:7MXVkk9YMctZqd1Srtv4MB,0.486
Slow It Down,Benson Boone,0.174,https://api.spotify.com/v1/audio-analysis/6WO7IDGLakjO38lsvI2gHB,0.432,161831,0.583,6WO7IDGLakjO38lsvI2gHB,0.0,8,0.0933,-4.682,1,0.0687,181.489,4,https://api.spotify.com/v1/tracks/6WO7IDGLakjO38lsvI2gHB,audio_features,spotify:track:6WO7IDGLakjO38lsvI2gHB,0.544
La Víctima,Xavi,0.152,https://api.spotify.com/v1/audio-analysis/5XVdHRf4CAJ2Jm0uMIy5qY,0.778,156346,0.835,5XVdHRf4CAJ2Jm0uMIy5qY,0.0,11,0.109,-3.598,0,0.0767,140.082,4,https://api.spotify.com/v1/tracks/5XVdHRf4CAJ2Jm0uMIy5qY,audio_features,spotify:track:5XVdHRf4CAJ2Jm0uMIy5qY,0.666
LA PEOPLE II,Peso Pluma,0.523,https://api.spotify.com/v1/audio-analysis/7EWtB4NKYY3NqBl31PVip9,0.717,141064,0.674,7EWtB4NKYY3NqBl31PVip9,5.43e-06,1,0.0978,-5.269,1,0.0722,132.037,3,https://api.spotify.com/v1/tracks/7EWtB4NKYY3NqBl31PVip9,audio_features,spotify:track:7EWtB4NKYY3NqBl31PVip9,0.705
intro (end of the world),Ariana Grande,0.64,https://api.spotify.com/v1/audio-analysis/7xTbVQSuLpM1SRIKMcaPCI,0.475,92400,0.37,7xTbVQSuLpM1SRIKMcaPCI,0.0,10,0.176,-9.471,1,0.0517,83.84,4,https://api.spotify.com/v1/tracks/7xTbVQSuLpM1SRIKMcaPCI,audio_features,spotify:track:7xTbVQSuLpM1SRIKMcaPCI,0.354
bye,Ariana Grande,0.209,https://api.spotify.com/v1/audio-analysis/7aOgyKhHxAhrzTKkLGF3Ha,0.64,164927,0.662,7aOgyKhHxAhrzTKkLGF3Ha,0.0,2,0.155,-4.856,0,0.0308,110.027,4,https://api.spotify.com/v1/tracks/7aOgyKhHxAhrzTKkLGF3Ha,audio_features,spotify:track:7aOgyKhHxAhrzTKkLGF3Ha,0.436
don't wanna break up again,Ariana Grande,0.428,https://api.spotify.com/v1/audio-analysis/3K6TfJcMDBhZmYrK2oI8If,0.512,174006,0.729,3K6TfJcMDBhZmYrK2oI8If,0.0,9,0.113,-5.224,0,0.21,129.268,5,https://api.spotify.com/v1/tracks/3K6TfJcMDBhZmYrK2oI8If,audio_features,spotify:track:3K6TfJcMDBhZmYrK2oI8If,0.532
Saturn Returns Interlude,Ariana Grande,0.9,https://api.spotify.com/v1/audio-analysis/0go0Gvkh1a57FMud7h1SXd,0.554,42167,0.364,0go0Gvkh1a57FMud7h1SXd,0.000311,9,0.145,-13.442,1,0.151,121.389,5,https://api.spotify.com/v1/tracks/0go0Gvkh1a57FMud7h1SXd,audio_features,spotify:track:0go0Gvkh1a57FMud7h1SXd,0.916
eternal sunshine,Ariana Grande,0.547,https://api.spotify.com/v1/audio-analysis/4llxVu7gt1uG1zN8EcWwi3,0.658,210200,0.503,4llxVu7gt1uG1zN8EcWwi3,0.0,9,0.117,-6.885,1,0.102,159.934,4,https://api.spotify.com/v1/tracks/4llxVu7gt1uG1zN8EcWwi3,audio_features,spotify:track:4llxVu7gt1uG1zN8EcWwi3,0.315
supernatural,Ariana Grande,0.103,https://api.spotify.com/v1/audio-analysis/30eYVvVYrXwVKNCyZ9HpPg,0.591,163382,0.708,30eYVvVYrXwVKNCyZ9HpPg,0.0,8,0.129,-6.84,1,0.129,76.502,4,https://api.spotify.com/v1/tracks/30eYVvVYrXwVKNCyZ9HpPg,audio_features,spotify:track:30eYVvVYrXwVKNCyZ9HpPg,0.554
true story,Ariana Grande,0.474,https://api.spotify.com/v1/audio-analysis/72bYIhu9vxqA14xM3j7Max,0.7,163278,0.535,72bYIhu9vxqA14xM3j7Max,4.02e-06,9,0.312,-6.195,0,0.079,138.037,4,https://api.spotify.com/v1/tracks/72bYIhu9vxqA14xM3j7Max,audio_features,spotify:track:72bYIhu9vxqA14xM3j7Max,0.398
the boy is mine,Ariana Grande,0.151,https://api.spotify.com/v1/audio-analysis/19nGr45kS0vRbuWeEnarRW,0.787,173640,0.631,19nGr45kS0vRbuWeEnarRW,0.0,7,0.0762,-5.829,0,0.0487,97.991,4,https://api.spotify.com/v1/tracks/19nGr45kS0vRbuWeEnarRW,audio_features,spotify:track:19nGr45kS0vRbuWeEnarRW,0.408
"yes, and?",Ariana Grande,0.205,https://api.spotify.com/v1/audio-analysis/5Hqo6dHSTPilabNfzZ3MyP,0.785,214994,0.761,5Hqo6dHSTPilabNfzZ3MyP,4.63e-05,1,0.102,-6.55,1,0.0538,119.052,4,https://api.spotify.com/v1/tracks/5Hqo6dHSTPilabNfzZ3MyP,audio_features,spotify:track:5Hqo6dHSTPilabNfzZ3MyP,0.795
we can't be friends (wait for your love),Ariana Grande,0.0641,https://api.spotify.com/v1/audio-analysis/3nH6JdYvrM7cnLT7xMrEKX,0.646,228639,0.638,3nH6JdYvrM7cnLT7xMrEKX,1.19e-05,5,0.0751,-8.285,1,0.041,115.85,4,https://api.spotify.com/v1/tracks/3nH6JdYvrM7cnLT7xMrEKX,audio_features,spotify:track:3nH6JdYvrM7cnLT7xMrEKX,0.307
i wish i hated you,Ariana Grande,0.84,https://api.spotify.com/v1/audio-analysis/6UUmCyNYOBq4fxfbN1sVrK,0.518,153633,0.247,6UUmCyNYOBq4fxfbN1sVrK,0.0,7,0.103,-9.077,1,0.0332,65.041,4,https://api.spotify.com/v1/tracks/6UUmCyNYOBq4fxfbN1sVrK,audio_features,spotify:track:6UUmCyNYOBq4fxfbN1sVrK,0.275
imperfect for you,Ariana Grande,0.505,https://api.spotify.com/v1/audio-analysis/6GnvnyxQ0ZnCTHFyvrdMhI,0.625,182567,0.402,6GnvnyxQ0ZnCTHFyvrdMhI,0.0,4,0.416,-7.368,1,0.0327,150.07,3,https://api.spotify.com/v1/tracks/6GnvnyxQ0ZnCTHFyvrdMhI,audio_features,spotify:track:6GnvnyxQ0ZnCTHFyvrdMhI,0.306
ordinary things (feat. Nonna),Ariana Grande,0.734,https://api.spotify.com/v1/audio-analysis/1f8raciYdYBqsjv5v21S53,0.705,168500,0.557,1f8raciYdYBqsjv5v21S53,0.0,6,0.325,-8.222,1,0.0716,115.044,4,https://api.spotify.com/v1/tracks/1f8raciYdYBqsjv5v21S53,audio_features,spotify:track:1f8raciYdYBqsjv5v21S53,0.294
supernatural (with Troye Sivan),Ariana Grande,0.053,https://api.spotify.com/v1/audio-analysis/3iJOkxYP59kFJ5OLgHo4Tp,0.575,163382,0.725,3iJOkxYP59kFJ5OLgHo4Tp,0.0,8,0.12,-6.144,1,0.119,76.548,4,https://api.spotify.com/v1/tracks/3iJOkxYP59kFJ5OLgHo4Tp,audio_features,spotify:track:3iJOkxYP59kFJ5OLgHo4Tp,0.51
imperfect for you - acoustic,Ariana Grande,0.715,https://api.spotify.com/v1/audio-analysis/0blfewz7XXrjsZd5WnHwgE,0.561,183133,0.334,0blfewz7XXrjsZd5WnHwgE,0.0,4,0.159,-9.06,1,0.0265,150.114,3,https://api.spotify.com/v1/tracks/0blfewz7XXrjsZd5WnHwgE,audio_features,spotify:track:0blfewz7XXrjsZd5WnHwgE,0.308
true story - a cappella,Ariana Grande,0.919,https://api.spotify.com/v1/audio-analysis/4RSoXPyBHKolShYA6FhvfP,0.631,162088,0.29,4RSoXPyBHKolShYA6FhvfP,0.0,9,0.09,-8.946,0,0.0507,69.313,3,https://api.spotify.com/v1/tracks/4RSoXPyBHKolShYA6FhvfP,audio_features,spotify:track:4RSoXPyBHKolShYA6FhvfP,0.619
"yes, and? (with Mariah Carey) - Remix",Ariana Grande,0.0926,https://api.spotify.com/v1/audio-analysis/1UjPANunXLp0G9hbQNyPh9,0.74,214994,0.776,1UjPANunXLp0G9hbQNyPh9,1.12e-06,8,0.0878,-5.335,1,0.0592,118.982,4,https://api.spotify.com/v1/tracks/1UjPANunXLp0G9hbQNyPh9,audio_features,spotify:track:1UjPANunXLp0G9hbQNyPh9,0.796
intro (end of the world),Ariana Grande,0.671,https://api.spotify.com/v1/audio-analysis/2o1pb13quMReXZqE7jWsgq,0.501,92400,0.373,2o1pb13quMReXZqE7jWsgq,0.0,10,0.177,-9.488,1,0.0493,84.682,4,https://api.spotify.com/v1/tracks/2o1pb13quMReXZqE7jWsgq,audio_features,spotify:track:2o1pb13quMReXZqE7jWsgq,0.38
bye,Ariana Grande,0.217,https://api.spotify.com/v1/audio-analysis/1Rweq7vNjK4kZBbGrmxQsl,0.638,164927,0.647,1Rweq7vNjK4kZBbGrmxQsl,0.0,2,0.156,-4.834,0,0.028,110.003,4,https://api.spotify.com/v1/tracks/1Rweq7vNjK4kZBbGrmxQsl,audio_features,spotify:track:1Rweq7vNjK4kZBbGrmxQsl,0.51
don't wanna break up again,Ariana Grande,0.456,https://api.spotify.com/v1/audio-analysis/0o3ua5ufFK7nfRzbDUNoGA,0.41,174006,0.726,0o3ua5ufFK7nfRzbDUNoGA,0.0,9,0.11,-5.204,0,0.33,193.956,4,https://api.spotify.com/v1/tracks/0o3ua5ufFK7nfRzbDUNoGA,audio_features,spotify:track:0o3ua5ufFK7nfRzbDUNoGA,0.556
Saturn Returns Interlude,Ariana Grande,0.892,https://api.spotify.com/v1/audio-analysis/13jRSCLoWbCoU1XEdJRbgn,0.513,42167,0.366,13jRSCLoWbCoU1XEdJRbgn,0.000255,9,0.148,-13.363,1,0.117,124.44,5,https://api.spotify.com/v1/tracks/13jRSCLoWbCoU1XEdJRbgn,audio_features,spotify:track:13jRSCLoWbCoU1XEdJRbgn,0.938
eternal sunshine,Ariana Grande,0.537,https://api.spotify.com/v1/audio-analysis/3RwWW7KeVhHGayYJgUL5eZ,0.658,210200,0.505,3RwWW7KeVhHGayYJgUL5eZ,0.0,9,0.113,-6.947,1,0.105,159.947,4,https://api.spotify.com/v1/tracks/3RwWW7KeVhHGayYJgUL5eZ,audio_features,spotify:track:3RwWW7KeVhHGayYJgUL5eZ,0.331
supernatural,Ariana Grande,0.0971,https://api.spotify.com/v1/audio-analysis/142PiXzA84lmEw2RstFHFa,0.57,163382,0.729,142PiXzA84lmEw2RstFHFa,0.0,8,0.128,-6.839,1,0.104,76.56,4,https://api.spotify.com/v1/tracks/142PiXzA84lmEw2RstFHFa,audio_features,spotify:track:142PiXzA84lmEw2RstFHFa,0.519
true story,Ariana Grande,0.478,https://api.spotify.com/v1/audio-analysis/14kyXBpg91RVq8bNRDS1q2,0.725,163278,0.526,14kyXBpg91RVq8bNRDS1q2,1.63e-05,9,0.312,-6.179,0,0.0629,137.962,4,https://api.spotify.com/v1/tracks/14kyXBpg91RVq8bNRDS1q2,audio_features,spotify:track:14kyXBpg91RVq8bNRDS1q2,0.377
the boy is mine,Ariana Grande,0.149,https://api.spotify.com/v1/audio-analysis/0Lmbke3KNVFXtoH2mMSHCw,0.796,173640,0.623,0Lmbke3KNVFXtoH2mMSHCw,0.0,7,0.0746,-5.819,0,0.0522,98.003,4,https://api.spotify.com/v1/tracks/0Lmbke3KNVFXtoH2mMSHCw,audio_features,spotify:track:0Lmbke3KNVFXtoH2mMSHCw,0.443
"yes, and?",Ariana Grande,0.194,https://api.spotify.com/v1/audio-analysis/5D34wRmbFS29AjtTOP2QJe,0.785,214994,0.766,5D34wRmbFS29AjtTOP2QJe,7.57e-05,1,0.107,-6.551,1,0.0503,119.029,4,https://api.spotify.com/v1/tracks/5D34wRmbFS29AjtTOP2QJe,audio_features,spotify:track:5D34wRmbFS29AjtTOP2QJe,0.804
we can't be friends (wait for your love),Ariana Grande,0.0657,https://api.spotify.com/v1/audio-analysis/51ZQ1vr10ffzbwIjDCwqm4,0.645,228639,0.663,51ZQ1vr10ffzbwIjDCwqm4,3.18e-05,5,0.0751,-8.305,1,0.0447,115.83,4,https://api.spotify.com/v1/tracks/51ZQ1vr10ffzbwIjDCwqm4,audio_features,spotify:track:51ZQ1vr10ffzbwIjDCwqm4,0.287
i wish i hated you,Ariana Grande,0.855,https://api.spotify.com/v1/audio-analysis/5cQX9BexkPIEESTZijJhXg,0.577,153633,0.246,5cQX9BexkPIEESTZijJhXg,0.0,7,0.105,-9.169,1,0.0334,65.418,4,https://api.spotify.com/v1/tracks/5cQX9BexkPIEESTZijJhXg,audio_features,spotify:track:5cQX9BexkPIEESTZijJhXg,0.296
imperfect for you,Ariana Grande,0.505,https://api.spotify.com/v1/audio-analysis/6XXKB32Om6WuXg3uEWwTob,0.635,182567,0.389,6XXKB32Om6WuXg3uEWwTob,0.0,4,0.433,-7.413,1,0.0333,150.116,3,https://api.spotify.com/v1/tracks/6XXKB32Om6WuXg3uEWwTob,audio_features,spotify:track:6XXKB32Om6WuXg3uEWwTob,0.24
ordinary things (feat. Nonna),Ariana Grande,0.713,https://api.spotify.com/v1/audio-analysis/4mHM5d2fK3n8xgymjf92w2,0.7,168500,0.544,4mHM5d2fK3n8xgymjf92w2,0.0,6,0.319,-8.243,1,0.0729,114.971,4,https://api.spotify.com/v1/tracks/4mHM5d2fK3n8xgymjf92w2,audio_features,spotify:track:4mHM5d2fK3n8xgymjf92w2,0.29
Honeymoon Avenue,Ariana Grande,0.208,https://api.spotify.com/v1/audio-analysis/5UkqH9t76GxI48YHA0thsy,0.688,339735,0.611,5UkqH9t76GxI48YHA0thsy,0.0,11,0.337,-5.298,1,0.0423,125.015,4,https://api.spotify.com/v1/tracks/5UkqH9t76GxI48YHA0thsy,audio_features,spotify:track:5UkqH9t76GxI48YHA0thsy,0.478
Baby I,Ariana Grande,0.0208,https://api.spotify.com/v1/audio-analysis/6qT31f20CXWq0zkz4BME32,0.714,197603,0.775,6qT31f20CXWq0zkz4BME32,0.0,1,0.367,-3.743,1,0.0382,101.93,4,https://api.spotify.com/v1/tracks/6qT31f20CXWq0zkz4BME32,audio_features,spotify:track:6qT31f20CXWq0zkz4BME32,0.516
Right There (feat. Big Sean),Ariana Grande,0.138,https://api.spotify.com/v1/audio-analysis/5aKqhRdBmC5Qp2c3oek9ft,0.652,247082,0.836,5aKqhRdBmC5Qp2c3oek9ft,0.0,0,0.112,-3.3,1,0.101,77.974,4,https://api.spotify.com/v1/tracks/5aKqhRdBmC5Qp2c3oek9ft,audio_features,spotify:track:5aKqhRdBmC5Qp2c3oek9ft,0.593
Tattooed Heart,Ariana Grande,0.353,https://api.spotify.com/v1/audio-analysis/4HBDccZgvC769vqQ2QHjji,0.532,194707,0.514,4HBDccZgvC769vqQ2QHjji,0.0,7,0.119,-4.223,1,0.0268,71.974,4,https://api.spotify.com/v1/tracks/4HBDccZgvC769vqQ2QHjji,audio_features,spotify:track:4HBDccZgvC769vqQ2QHjji,0.297
Lovin' It,Ariana Grande,0.114,https://api.spotify.com/v1/audio-analysis/4EjLfjUNonstEf9ZED4gce,0.643,180695,0.81,4EjLfjUNonstEf9ZED4gce,0.0,1,0.179,-3.837,0,0.0415,94.008,4,https://api.spotify.com/v1/tracks/4EjLfjUNonstEf9ZED4gce,audio_features,spotify:track:4EjLfjUNonstEf9ZED4gce,0.411
Piano,Ariana Grande,0.172,https://api.spotify.com/v1/audio-analysis/1WPjEBaYjOh65gQF7EwwOp,0.733,234426,0.818,1WPjEBaYjOh65gQF7EwwOp,0.0,4,0.82,-4.239,1,0.0814,120.023,4,https://api.spotify.com/v1/tracks/1WPjEBaYjOh65gQF7EwwOp,audio_features,spotify:track:1WPjEBaYjOh65gQF7EwwOp,0.738
Daydreamin',Ariana Grande,0.267,https://api.spotify.com/v1/audio-analysis/2tQew7pG4IhgNGplOSNIj7,0.662,211287,0.653,2tQew7pG4IhgNGplOSNIj7,0.0,7,0.505,-6.058,1,0.034,114.008,3,https://api.spotify.com/v1/tracks/2tQew7pG4IhgNGplOSNIj7,audio_features,spotify:track:2tQew7pG4IhgNGplOSNIj7,0.259
The Way (feat. Mac Miller),Ariana Grande,0.295,https://api.spotify.com/v1/audio-analysis/1Onx2O64wzyA7ZzOsBBqBJ,0.654,227034,0.872,1Onx2O64wzyA7ZzOsBBqBJ,0.0,5,0.0955,-3.263,0,0.141,82.667,4,https://api.spotify.com/v1/tracks/1Onx2O64wzyA7ZzOsBBqBJ,audio_features,spotify:track:1Onx2O64wzyA7ZzOsBBqBJ,0.867
You’ll Never Know,Ariana Grande,0.0556,https://api.spotify.com/v1/audio-analysis/5HGvnxyYMsK0MWuvXCNjfG,0.763,214281,0.839,5HGvnxyYMsK0MWuvXCNjfG,0.0,6,0.0369,-3.834,1,0.0668,105.058,4,https://api.spotify.com/v1/tracks/5HGvnxyYMsK0MWuvXCNjfG,audio_features,spotify:track:5HGvnxyYMsK0MWuvXCNjfG,0.846
Almost Is Never Enough (with Nathan Sykes),Ariana Grande,0.828,https://api.spotify.com/v1/audio-analysis/1YGd0ZaBGQjOdApv3fpnow,0.414,327776,0.336,1YGd0ZaBGQjOdApv3fpnow,0.0,2,0.0728,-7.491,1,0.0364,121.64,3,https://api.spotify.com/v1/tracks/1YGd0ZaBGQjOdApv3fpnow,audio_features,spotify:track:1YGd0ZaBGQjOdApv3fpnow,0.331
Popular Song (MIKA & Ariana Grande),MIKA,0.133,https://api.spotify.com/v1/audio-analysis/4AzzUUIBICXrr5OYfs2u2C,0.666,200201,0.803,4AzzUUIBICXrr5OYfs2u2C,0.0,8,0.0607,-4.649,1,0.0496,99.012,4,https://api.spotify.com/v1/tracks/4AzzUUIBICXrr5OYfs2u2C,audio_features,spotify:track:4AzzUUIBICXrr5OYfs2u2C,0.769
Better Left Unsaid,Ariana Grande,0.0389,https://api.spotify.com/v1/audio-analysis/7v289GXTGa7BuLL6l1Y5ZA,0.577,212839,0.8,7v289GXTGa7BuLL6l1Y5ZA,0.000272,9,0.105,-3.942,1,0.0344,130.054,4,https://api.spotify.com/v1/tracks/7v289GXTGa7BuLL6l1Y5ZA,audio_features,spotify:track:7v289GXTGa7BuLL6l1Y5ZA,0.268
The Way - Spanglish Version (feat. Mac Miller),Ariana Grande,0.326,https://api.spotify.com/v1/audio-analysis/3HAQ4fEd3opmo09LJIHOX2,0.669,226839,0.87,3HAQ4fEd3opmo09LJIHOX2,0.0,5,0.0901,-2.614,0,0.195,82.64,4,https://api.spotify.com/v1/tracks/3HAQ4fEd3opmo09LJIHOX2,audio_features,spotify:track:3HAQ4fEd3opmo09LJIHOX2,0.837
Honeymoon Avenue - Live from London,Ariana Grande,0.0162,https://api.spotify.com/v1/audio-analysis/1ucNmUIwlCSNjla3a1qpfL,0.661,295545,0.718,1ucNmUIwlCSNjla3a1qpfL,0.0,11,0.129,-4.96,1,0.0438,124.895,4,https://api.spotify.com/v1/tracks/1ucNmUIwlCSNjla3a1qpfL,audio_features,spotify:track:1ucNmUIwlCSNjla3a1qpfL,0.215
Daydreamin' - Live from London,Ariana Grande,0.0848,https://api.spotify.com/v1/audio-analysis/63ahDGtV2EGSs6etOGrnkc,0.649,210301,0.683,63ahDGtV2EGSs6etOGrnkc,0.0,7,0.245,-3.792,1,0.0443,113.964,3,https://api.spotify.com/v1/tracks/63ahDGtV2EGSs6etOGrnkc,audio_features,spotify:track:63ahDGtV2EGSs6etOGrnkc,0.344
Baby I - Live from London,Ariana Grande,0.038,https://api.spotify.com/v1/audio-analysis/58aPrOUl9wFOoaBOgrWoBc,0.639,197305,0.721,58aPrOUl9wFOoaBOgrWoBc,0.0,1,0.365,-3.414,1,0.0782,102.065,4,https://api.spotify.com/v1/tracks/58aPrOUl9wFOoaBOgrWoBc,audio_features,spotify:track:58aPrOUl9wFOoaBOgrWoBc,0.538
Tattooed Heart - Live from London,Ariana Grande,0.135,https://api.spotify.com/v1/audio-analysis/5JVMTPWkg7U14ga4up1rSm,0.517,193999,0.451,5JVMTPWkg7U14ga4up1rSm,0.0,7,0.12,-4.871,1,0.0266,71.939,4,https://api.spotify.com/v1/tracks/5JVMTPWkg7U14ga4up1rSm,audio_features,spotify:track:5JVMTPWkg7U14ga4up1rSm,0.277
Right There - Live from London (feat. Big Sean),Ariana Grande,0.0306,https://api.spotify.com/v1/audio-analysis/5J9jzskSfbSF7sTCWyoF93,0.494,196927,0.75,5J9jzskSfbSF7sTCWyoF93,0.0,7,0.102,-4.068,1,0.174,106.367,5,https://api.spotify.com/v1/tracks/5J9jzskSfbSF7sTCWyoF93,audio_features,spotify:track:5J9jzskSfbSF7sTCWyoF93,0.36
The Way - Live from London (feat. Mac Miller),Ariana Grande,0.135,https://api.spotify.com/v1/audio-analysis/4VUp83ibStl36qC7UOxGkF,0.594,213695,0.869,4VUp83ibStl36qC7UOxGkF,0.0,5,0.0907,-3.213,0,0.0887,165.08,4,https://api.spotify.com/v1/tracks/4VUp83ibStl36qC7UOxGkF,audio_features,spotify:track:4VUp83ibStl36qC7UOxGkF,0.694
shut up,Ariana Grande,0.801,https://api.spotify.com/v1/audio-analysis/12sliObzVzbLbAlDb8eChf,0.499,157710,0.462,12sliObzVzbLbAlDb8eChf,0.0,0,0.0946,-5.308,1,0.0312,127.698,4,https://api.spotify.com/v1/tracks/12sliObzVzbLbAlDb8eChf,audio_features,spotify:track:12sliObzVzbLbAlDb8eChf,0.599
34+35,Ariana Grande,0.237,https://api.spotify.com/v1/audio-analysis/1hG4V53eR16jg7jVTNLOiX,0.83,173711,0.585,1hG4V53eR16jg7jVTNLOiX,0.0,0,0.248,-6.476,1,0.094,109.978,4,https://api.spotify.com/v1/tracks/1hG4V53eR16jg7jVTNLOiX,audio_features,spotify:track:1hG4V53eR16jg7jVTNLOiX,0.485
motive (with Doja Cat),Ariana Grande,0.0681,https://api.spotify.com/v1/audio-analysis/5VipERQ1ofCowecoFg2MVU,0.789,167990,0.742,5VipERQ1ofCowecoFg2MVU,0.0,10,0.166,-5.664,0,0.0652,116.965,4,https://api.spotify.com/v1/tracks/5VipERQ1ofCowecoFg2MVU,audio_features,spotify:track:5VipERQ1ofCowecoFg2MVU,0.661
just like magic,Ariana Grande,0.08,https://api.spotify.com/v1/audio-analysis/1N9hFgcgWYbGINUKjhvcK6,0.719,149900,0.607,1N9hFgcgWYbGINUKjhvcK6,0.0,8,0.125,-5.156,1,0.165,128.006,4,https://api.spotify.com/v1/tracks/1N9hFgcgWYbGINUKjhvcK6,audio_features,spotify:track:1N9hFgcgWYbGINUKjhvcK6,0.464
off the table (with The Weeknd),Ariana Grande,0.519,https://api.spotify.com/v1/audio-analysis/1qKdid2S9fZdSrzLaCcjcF,0.411,239949,0.522,1qKdid2S9fZdSrzLaCcjcF,0.0,0,0.398,-7.295,1,0.0981,88.332,1,https://api.spotify.com/v1/tracks/1qKdid2S9fZdSrzLaCcjcF,audio_features,spotify:track:1qKdid2S9fZdSrzLaCcjcF,0.382
six thirty,Ariana Grande,0.67,https://api.spotify.com/v1/audio-analysis/4rJWTThj9EWR6UqD1eVyge,0.739,183874,0.516,4rJWTThj9EWR6UqD1eVyge,0.0,0,0.151,-7.154,1,0.0539,120.109,4,https://api.spotify.com/v1/tracks/4rJWTThj9EWR6UqD1eVyge,audio_features,spotify:track:4rJWTThj9EWR6UqD1eVyge,0.434
safety net (feat. Ty Dolla $ign),Ariana Grande,0.0703,https://api.spotify.com/v1/audio-analysis/53Z8fbdVNus9Kiu7tWIBEC,0.552,208457,0.599,53Z8fbdVNus9Kiu7tWIBEC,0.0,1,0.0986,-5.75,0,0.0404,161.884,4,https://api.spotify.com/v1/tracks/53Z8fbdVNus9Kiu7tWIBEC,audio_features,spotify:track:53Z8fbdVNus9Kiu7tWIBEC,0.0916
my hair,Ariana Grande,0.0815,https://api.spotify.com/v1/audio-analysis/5Ds3yH73nMHgkmJxcxqPrr,0.686,158436,0.526,5Ds3yH73nMHgkmJxcxqPrr,7.75e-06,0,0.144,-6.842,1,0.0374,92.013,4,https://api.spotify.com/v1/tracks/5Ds3yH73nMHgkmJxcxqPrr,audio_features,spotify:track:5Ds3yH73nMHgkmJxcxqPrr,0.372
nasty,Ariana Grande,0.0814,https://api.spotify.com/v1/audio-analysis/7wcl0YJBQ0ygTUUaXLRM1g,0.772,200733,0.506,7wcl0YJBQ0ygTUUaXLRM1g,1.1e-05,6,0.182,-6.558,0,0.139,127.894,4,https://api.spotify.com/v1/tracks/7wcl0YJBQ0ygTUUaXLRM1g,audio_features,spotify:track:7wcl0YJBQ0ygTUUaXLRM1g,0.456
west side,Ariana Grande,0.186,https://api.spotify.com/v1/audio-analysis/7cFYqReKEigTxTm0bNE6YA,0.688,132279,0.455,7cFYqReKEigTxTm0bNE6YA,0.0,11,0.0794,-8.632,0,0.199,87.865,4,https://api.spotify.com/v1/tracks/7cFYqReKEigTxTm0bNE6YA,audio_features,spotify:track:7cFYqReKEigTxTm0bNE6YA,0.557
love language,Ariana Grande,0.0686,https://api.spotify.com/v1/audio-analysis/4iIrJ94pkIEnGZWv1MhIRC,0.688,179861,0.573,4iIrJ94pkIEnGZWv1MhIRC,0.0,10,0.0749,-5.03,0,0.208,110.034,4,https://api.spotify.com/v1/tracks/4iIrJ94pkIEnGZWv1MhIRC,audio_features,spotify:track:4iIrJ94pkIEnGZWv1MhIRC,0.553
positions,Ariana Grande,0.468,https://api.spotify.com/v1/audio-analysis/3DFnLXa69NVlOjbhTbXXNn,0.737,172325,0.802,3DFnLXa69NVlOjbhTbXXNn,0.0,0,0.0931,-4.771,1,0.0878,144.015,4,https://api.spotify.com/v1/tracks/3DFnLXa69NVlOjbhTbXXNn,audio_features,spotify:track:3DFnLXa69NVlOjbhTbXXNn,0.682
obvious,Ariana Grande,0.0967,https://api.spotify.com/v1/audio-analysis/65OEcDb4M3mAvEpSdXi6Lv,0.624,146959,0.672,65OEcDb4M3mAvEpSdXi6Lv,0.0,0,0.155,-5.334,1,0.106,159.852,4,https://api.spotify.com/v1/tracks/65OEcDb4M3mAvEpSdXi6Lv,audio_features,spotify:track:65OEcDb4M3mAvEpSdXi6Lv,0.26
pov,Ariana Grande,0.36,https://api.spotify.com/v1/audio-analysis/3RP1eXaK8f4rwqY9fRKVRF,0.487,201882,0.534,3RP1eXaK8f4rwqY9fRKVRF,0.0,0,0.1,-5.664,0,0.0555,131.798,4,https://api.spotify.com/v1/tracks/3RP1eXaK8f4rwqY9fRKVRF,audio_features,spotify:track:3RP1eXaK8f4rwqY9fRKVRF,0.173
someone like u - interlude,Ariana Grande,0.175,https://api.spotify.com/v1/audio-analysis/3Os1431WclqyKxWqMzRESE,0.639,76742,0.544,3Os1431WclqyKxWqMzRESE,2.44e-05,5,0.14,-9.5,0,0.0383,118.158,4,https://api.spotify.com/v1/tracks/3Os1431WclqyKxWqMzRESE,audio_features,spotify:track:3Os1431WclqyKxWqMzRESE,0.179
test drive,Ariana Grande,0.0251,https://api.spotify.com/v1/audio-analysis/3eZYOQO4UzKrUDYDghtnFw,0.698,122174,0.708,3eZYOQO4UzKrUDYDghtnFw,0.0,9,0.124,-4.943,0,0.0454,115.036,4,https://api.spotify.com/v1/tracks/3eZYOQO4UzKrUDYDghtnFw,audio_features,spotify:track:3eZYOQO4UzKrUDYDghtnFw,0.322
"34+35 Remix (feat. Doja Cat, Megan Thee Stallion) - Remix",Ariana Grande,0.211,https://api.spotify.com/v1/audio-analysis/2sQH02O2HBCPJCztBrCWNa,0.659,182438,0.662,2sQH02O2HBCPJCztBrCWNa,0.0,5,0.228,-5.768,1,0.434,109.957,4,https://api.spotify.com/v1/tracks/2sQH02O2HBCPJCztBrCWNa,audio_features,spotify:track:2sQH02O2HBCPJCztBrCWNa,0.704
worst behavior,Ariana Grande,0.37,https://api.spotify.com/v1/audio-analysis/6KIKaWKE9wV6mLjho3w61y,0.726,124282,0.667,6KIKaWKE9wV6mLjho3w61y,0.0,5,0.118,-5.956,0,0.0617,100.053,4,https://api.spotify.com/v1/tracks/6KIKaWKE9wV6mLjho3w61y,audio_features,spotify:track:6KIKaWKE9wV6mLjho3w61y,0.434
main thing,Ariana Grande,0.317,https://api.spotify.com/v1/audio-analysis/63WsFFnQ8CL941iZBELYsX,0.734,129080,0.475,63WsFFnQ8CL941iZBELYsX,1.41e-06,9,0.113,-7.77,1,0.0403,134.119,4,https://api.spotify.com/v1/tracks/63WsFFnQ8CL941iZBELYsX,audio_features,spotify:track:63WsFFnQ8CL941iZBELYsX,0.217
shut up,Ariana Grande,0.801,https://api.spotify.com/v1/audio-analysis/3ko9jEHNt4O5fjKN65ULJp,0.499,157710,0.462,3ko9jEHNt4O5fjKN65ULJp,0.0,0,0.0946,-5.308,1,0.0312,127.698,4,https://api.spotify.com/v1/tracks/3ko9jEHNt4O5fjKN65ULJp,audio_features,spotify:track:3ko9jEHNt4O5fjKN65ULJp,0.599
34+35,Ariana Grande,0.237,https://api.spotify.com/v1/audio-analysis/6Im9k8u9iIzKMrmV7BWtlF,0.83,173711,0.585,6Im9k8u9iIzKMrmV7BWtlF,0.0,0,0.248,-6.476,1,0.094,109.978,4,https://api.spotify.com/v1/tracks/6Im9k8u9iIzKMrmV7BWtlF,audio_features,spotify:track:6Im9k8u9iIzKMrmV7BWtlF,0.485
motive (with Doja Cat),Ariana Grande,0.0681,https://api.spotify.com/v1/audio-analysis/5GkQIP5mWPi4KZLLXeuFTT,0.789,167990,0.742,5GkQIP5mWPi4KZLLXeuFTT,0.0,10,0.166,-5.664,0,0.0652,116.965,4,https://api.spotify.com/v1/tracks/5GkQIP5mWPi4KZLLXeuFTT,audio_features,spotify:track:5GkQIP5mWPi4KZLLXeuFTT,0.661
just like magic,Ariana Grande,0.08,https://api.spotify.com/v1/audio-analysis/7Dx9Z6Aon1qPS2N0rHSWTe,0.719,149900,0.607,7Dx9Z6Aon1qPS2N0rHSWTe,0.0,8,0.125,-5.156,1,0.165,128.006,4,https://api.spotify.com/v1/tracks/7Dx9Z6Aon1qPS2N0rHSWTe,audio_features,spotify:track:7Dx9Z6Aon1qPS2N0rHSWTe,0.464
off the table (with The Weeknd),Ariana Grande,0.519,https://api.spotify.com/v1/audio-analysis/7E1jVNoWuemqUryI4FxsVD,0.411,239949,0.522,7E1jVNoWuemqUryI4FxsVD,0.0,0,0.398,-7.295,1,0.0981,88.332,1,https://api.spotify.com/v1/tracks/7E1jVNoWuemqUryI4FxsVD,audio_features,spotify:track:7E1jVNoWuemqUryI4FxsVD,0.382
six thirty,Ariana Grande,0.67,https://api.spotify.com/v1/audio-analysis/2IKJtXeR5UsaUjZB46fTOK,0.739,183874,0.516,2IKJtXeR5UsaUjZB46fTOK,0.0,0,0.151,-7.154,1,0.0539,120.109,4,https://api.spotify.com/v1/tracks/2IKJtXeR5UsaUjZB46fTOK,audio_features,spotify:track:2IKJtXeR5UsaUjZB46fTOK,0.434
safety net (feat. Ty Dolla $ign),Ariana Grande,0.0703,https://api.spotify.com/v1/audio-analysis/14gkWVFMwdxBMyqBw1wmIg,0.552,208457,0.599,14gkWVFMwdxBMyqBw1wmIg,0.0,1,0.0986,-5.75,0,0.0404,161.884,4,https://api.spotify.com/v1/tracks/14gkWVFMwdxBMyqBw1wmIg,audio_features,spotify:track:14gkWVFMwdxBMyqBw1wmIg,0.0916
my hair,Ariana Grande,0.0815,https://api.spotify.com/v1/audio-analysis/6u7gmPOz7pzzaeR9xSBpsR,0.686,158436,0.526,6u7gmPOz7pzzaeR9xSBpsR,7.75e-06,0,0.144,-6.842,1,0.0374,92.013,4,https://api.spotify.com/v1/tracks/6u7gmPOz7pzzaeR9xSBpsR,audio_features,spotify:track:6u7gmPOz7pzzaeR9xSBpsR,0.372
nasty,Ariana Grande,0.0814,https://api.spotify.com/v1/audio-analysis/0sci7ppTZFm4mjcH3nu8yO,0.772,200733,0.506,0sci7ppTZFm4mjcH3nu8yO,1.1e-05,6,0.182,-6.558,0,0.139,127.894,4,https://api.spotify.com/v1/tracks/0sci7ppTZFm4mjcH3nu8yO,audio_features,spotify:track:0sci7ppTZFm4mjcH3nu8yO,0.456
west side,Ariana Grande,0.186,https://api.spotify.com/v1/audio-analysis/1whfVLMKWqAX3uk97VXsNN,0.688,132279,0.455,1whfVLMKWqAX3uk97VXsNN,0.0,11,0.0794,-8.632,0,0.199,87.865,4,https://api.spotify.com/v1/tracks/1whfVLMKWqAX3uk97VXsNN,audio_features,spotify:track:1whfVLMKWqAX3uk97VXsNN,0.557
love language,Ariana Grande,0.0686,https://api.spotify.com/v1/audio-analysis/6NYtLvyThMT0oALFdJFdzq,0.688,179861,0.573,6NYtLvyThMT0oALFdJFdzq,0.0,10,0.0749,-5.03,0,0.208,110.034,4,https://api.spotify.com/v1/tracks/6NYtLvyThMT0oALFdJFdzq,audio_features,spotify:track:6NYtLvyThMT0oALFdJFdzq,0.553
positions,Ariana Grande,0.468,https://api.spotify.com/v1/audio-analysis/35mvY5S1H3J2QZyna3TFe0,0.737,172325,0.802,35mvY5S1H3J2QZyna3TFe0,0.0,0,0.0931,-4.771,1,0.0878,144.015,4,https://api.spotify.com/v1/tracks/35mvY5S1H3J2QZyna3TFe0,audio_features,spotify:track:35mvY5S1H3J2QZyna3TFe0,0.682
obvious,Ariana Grande,0.0967,https://api.spotify.com/v1/audio-analysis/0q85C1JiECyYIQthz1posA,0.624,146959,0.672,0q85C1JiECyYIQthz1posA,0.0,0,0.155,-5.334,1,0.106,159.852,4,https://api.spotify.com/v1/tracks/0q85C1JiECyYIQthz1posA,audio_features,spotify:track:0q85C1JiECyYIQthz1posA,0.26
pov,Ariana Grande,0.36,https://api.spotify.com/v1/audio-analysis/3UoULw70kMsiVXxW0L3A33,0.487,201882,0.534,3UoULw70kMsiVXxW0L3A33,0.0,0,0.1,-5.664,0,0.0555,131.798,4,https://api.spotify.com/v1/tracks/3UoULw70kMsiVXxW0L3A33,audio_features,spotify:track:3UoULw70kMsiVXxW0L3A33,0.173
raindrops (an angel cried) - live,Ariana Grande,0.884,https://api.spotify.com/v1/audio-analysis/5SyCD1ic378B4rYWhDmuvo,0.239,43251,0.408,5SyCD1ic378B4rYWhDmuvo,0.0318,6,0.68,-13.623,1,0.06,72.138,3,https://api.spotify.com/v1/tracks/5SyCD1ic378B4rYWhDmuvo,audio_features,spotify:track:5SyCD1ic378B4rYWhDmuvo,0.161
god is a woman - live,Ariana Grande,0.158,https://api.spotify.com/v1/audio-analysis/67kQ3UW7saqCFqB54BVKKI,0.498,213068,0.836,67kQ3UW7saqCFqB54BVKKI,6.59e-06,10,0.971,-5.224,0,0.0669,144.882,4,https://api.spotify.com/v1/tracks/67kQ3UW7saqCFqB54BVKKI,audio_features,spotify:track:67kQ3UW7saqCFqB54BVKKI,0.279
bad idea - live,Ariana Grande,0.0392,https://api.spotify.com/v1/audio-analysis/12s87E3EVHMYZQyr9mXsUi,0.674,212164,0.816,12s87E3EVHMYZQyr9mXsUi,1.56e-05,3,0.342,-4.387,0,0.0416,137.976,4,https://api.spotify.com/v1/tracks/12s87E3EVHMYZQyr9mXsUi,audio_features,spotify:track:12s87E3EVHMYZQyr9mXsUi,0.501
"break up with your girlfriend, i'm bored - live",Ariana Grande,0.0162,https://api.spotify.com/v1/audio-analysis/56feSEETtLwNjY5Xz8XbKI,0.593,223872,0.737,56feSEETtLwNjY5Xz8XbKI,1.55e-05,5,0.975,-5.102,0,0.0475,84.87,4,https://api.spotify.com/v1/tracks/56feSEETtLwNjY5Xz8XbKI,audio_features,spotify:track:56feSEETtLwNjY5Xz8XbKI,0.238
r.e.m - live,Ariana Grande,0.321,https://api.spotify.com/v1/audio-analysis/2I2HYr4FLb6LPfdgcKxK2J,0.705,177913,0.554,2I2HYr4FLb6LPfdgcKxK2J,9.26e-06,10,0.978,-9.628,0,0.0551,80.042,4,https://api.spotify.com/v1/tracks/2I2HYr4FLb6LPfdgcKxK2J,audio_features,spotify:track:2I2HYr4FLb6LPfdgcKxK2J,0.611
be alright - live,Ariana Grande,0.155,https://api.spotify.com/v1/audio-analysis/4OR2KU2qCnREBsSwwJ4PBn,0.713,174604,0.707,4OR2KU2qCnREBsSwwJ4PBn,2.12e-06,1,0.956,-5.947,0,0.0403,112.929,4,https://api.spotify.com/v1/tracks/4OR2KU2qCnREBsSwwJ4PBn,audio_features,spotify:track:4OR2KU2qCnREBsSwwJ4PBn,0.366
sweetener - live,Ariana Grande,0.158,https://api.spotify.com/v1/audio-analysis/1Bvxlmt3CtZTyls2IJQ38T,0.655,174000,0.7,1Bvxlmt3CtZTyls2IJQ38T,1.25e-06,4,0.877,-4.242,1,0.0789,119.835,4,https://api.spotify.com/v1/tracks/1Bvxlmt3CtZTyls2IJQ38T,audio_features,spotify:track:1Bvxlmt3CtZTyls2IJQ38T,0.529
successful - live,Ariana Grande,0.0879,https://api.spotify.com/v1/audio-analysis/7bfnkOya2SV8LLTsYmRQJR,0.758,125631,0.883,7bfnkOya2SV8LLTsYmRQJR,3.54e-05,7,0.24,-3.989,0,0.0608,114.021,4,https://api.spotify.com/v1/tracks/7bfnkOya2SV8LLTsYmRQJR,audio_features,spotify:track:7bfnkOya2SV8LLTsYmRQJR,0.736
side to side - live,Ariana Grande,0.0251,https://api.spotify.com/v1/audio-analysis/1FYLqciy2MckeKgTvOCawO,0.515,260519,0.865,1FYLqciy2MckeKgTvOCawO,5.59e-05,6,0.971,-4.065,0,0.161,158.053,4,https://api.spotify.com/v1/tracks/1FYLqciy2MckeKgTvOCawO,audio_features,spotify:track:1FYLqciy2MckeKgTvOCawO,0.372
7 rings - live,Ariana Grande,0.226,https://api.spotify.com/v1/audio-analysis/6va6SjWz457IOZidBppAhz,0.443,226850,0.739,6va6SjWz457IOZidBppAhz,0.000378,9,0.961,-6.509,1,0.209,139.829,4,https://api.spotify.com/v1/tracks/6va6SjWz457IOZidBppAhz,audio_features,spotify:track:6va6SjWz457IOZidBppAhz,0.146
love me harder - live,Ariana Grande,0.196,https://api.spotify.com/v1/audio-analysis/6Q4JJnjX00q8O10OliHhjS,0.448,83785,0.71,6Q4JJnjX00q8O10OliHhjS,0.0,1,0.638,-5.095,0,0.0578,104.024,4,https://api.spotify.com/v1/tracks/6Q4JJnjX00q8O10OliHhjS,audio_features,spotify:track:6Q4JJnjX00q8O10OliHhjS,0.273
breathin - live,Ariana Grande,0.0454,https://api.spotify.com/v1/audio-analysis/1edP751qQSUaA1vo7Hva3w,0.322,208294,0.874,1edP751qQSUaA1vo7Hva3w,2.27e-06,8,0.945,-2.893,1,0.2,98.089,4,https://api.spotify.com/v1/tracks/1edP751qQSUaA1vo7Hva3w,audio_features,spotify:track:1edP751qQSUaA1vo7Hva3w,0.171
needy - live,Ariana Grande,0.699,https://api.spotify.com/v1/audio-analysis/1IVnvJN9oC3pDYv9qpAnj7,0.317,174295,0.474,1IVnvJN9oC3pDYv9qpAnj7,0.0,7,0.945,-6.314,0,0.0661,76.592,4,https://api.spotify.com/v1/tracks/1IVnvJN9oC3pDYv9qpAnj7,audio_features,spotify:track:1IVnvJN9oC3pDYv9qpAnj7,0.318
fake smile - live,Ariana Grande,0.109,https://api.spotify.com/v1/audio-analysis/5BYts42mYfuullBbELoaEV,0.395,205586,0.735,5BYts42mYfuullBbELoaEV,1.66e-06,9,0.353,-4.559,1,0.226,83.143,4,https://api.spotify.com/v1/tracks/5BYts42mYfuullBbELoaEV,audio_features,spotify:track:5BYts42mYfuullBbELoaEV,0.177
make up - live,Ariana Grande,0.145,https://api.spotify.com/v1/audio-analysis/1TCEZgYrPjc2G5sBYJciuq,0.717,138359,0.768,1TCEZgYrPjc2G5sBYJciuq,4.3e-06,7,0.0741,-4.554,1,0.137,104.973,3,https://api.spotify.com/v1/tracks/1TCEZgYrPjc2G5sBYJciuq,audio_features,spotify:track:1TCEZgYrPjc2G5sBYJciuq,0.472
right there - live,Ariana Grande,0.0407,https://api.spotify.com/v1/audio-analysis/7MjS7SoRzn8VXajFdV3t04,0.613,99405,0.802,7MjS7SoRzn8VXajFdV3t04,0.0,7,0.92,-4.473,1,0.171,79.514,4,https://api.spotify.com/v1/tracks/7MjS7SoRzn8VXajFdV3t04,audio_features,spotify:track:7MjS7SoRzn8VXajFdV3t04,0.271
you'll never know - live,Ariana Grande,0.0673,https://api.spotify.com/v1/audio-analysis/6FmBKZxA3K1Ycr9spEeI15,0.767,81401,0.92,6FmBKZxA3K1Ycr9spEeI15,1.96e-06,1,0.375,-3.445,1,0.0997,104.9,4,https://api.spotify.com/v1/tracks/6FmBKZxA3K1Ycr9spEeI15,audio_features,spotify:track:6FmBKZxA3K1Ycr9spEeI15,0.598
break your heart right back - live,Ariana Grande,0.0501,https://api.spotify.com/v1/audio-analysis/1qfOSlQohddqAOGl3f8snd,0.743,134875,0.85,1qfOSlQohddqAOGl3f8snd,0.0,11,0.942,-4.686,1,0.0595,98.026,4,https://api.spotify.com/v1/tracks/1qfOSlQohddqAOGl3f8snd,audio_features,spotify:track:1qfOSlQohddqAOGl3f8snd,0.657
nasa - live,Ariana Grande,0.207,https://api.spotify.com/v1/audio-analysis/4jkikgyrlBMR4Fj3d1s4jT,0.648,185000,0.621,4jkikgyrlBMR4Fj3d1s4jT,2.73e-05,6,0.918,-5.831,1,0.179,76.002,4,https://api.spotify.com/v1/tracks/4jkikgyrlBMR4Fj3d1s4jT,audio_features,spotify:track:4jkikgyrlBMR4Fj3d1s4jT,0.371
tattooed heart - live,Ariana Grande,0.257,https://api.spotify.com/v1/audio-analysis/6dB14UPKgEDLTp38BIKk6N,0.358,203337,0.639,6dB14UPKgEDLTp38BIKk6N,0.0,7,0.964,-4.938,1,0.0382,103.289,3,https://api.spotify.com/v1/tracks/6dB14UPKgEDLTp38BIKk6N,audio_features,spotify:track:6dB14UPKgEDLTp38BIKk6N,0.314
only 1 - live,Ariana Grande,0.273,https://api.spotify.com/v1/audio-analysis/5qmcKqCKRb4EFwRTsndXNe,0.615,162876,0.945,5qmcKqCKRb4EFwRTsndXNe,0.0,9,0.962,-5.607,0,0.259,101.502,4,https://api.spotify.com/v1/tracks/5qmcKqCKRb4EFwRTsndXNe,audio_features,spotify:track:5qmcKqCKRb4EFwRTsndXNe,0.45
goodnight n go - live,Ariana Grande,0.158,https://api.spotify.com/v1/audio-analysis/0ao5xnzWNAt0dZFF6v4Sct,0.603,188787,0.611,0ao5xnzWNAt0dZFF6v4Sct,0.0,1,0.944,-4.177,1,0.0322,111.02,4,https://api.spotify.com/v1/tracks/0ao5xnzWNAt0dZFF6v4Sct,audio_features,spotify:track:0ao5xnzWNAt0dZFF6v4Sct,0.158
get well soon - live,Ariana Grande,0.333,https://api.spotify.com/v1/audio-analysis/5XkiYqfFAXsXG4V2mGZET8,0.639,207000,0.625,5XkiYqfFAXsXG4V2mGZET8,0.0,7,0.398,-4.932,1,0.0509,100.015,4,https://api.spotify.com/v1/tracks/5XkiYqfFAXsXG4V2mGZET8,audio_features,spotify:track:5XkiYqfFAXsXG4V2mGZET8,0.482
in my head interlude - live,Ariana Grande,0.0421,https://api.spotify.com/v1/audio-analysis/58T204WTLWAs34lOvheS28,0.673,150000,0.783,58T204WTLWAs34lOvheS28,0.238,0,0.352,-6.997,1,0.0521,136.822,4,https://api.spotify.com/v1/tracks/58T204WTLWAs34lOvheS28,audio_features,spotify:track:58T204WTLWAs34lOvheS28,0.324
everytime - live,Ariana Grande,0.0419,https://api.spotify.com/v1/audio-analysis/2Hk1xo2ZrysHtBQMmZvg8U,0.239,131928,0.676,2Hk1xo2ZrysHtBQMmZvg8U,6.98e-06,10,0.551,-4.868,0,0.0613,73.373,4,https://api.spotify.com/v1/tracks/2Hk1xo2ZrysHtBQMmZvg8U,audio_features,spotify:track:2Hk1xo2ZrysHtBQMmZvg8U,0.198
the light is coming - live,Ariana Grande,0.00339,https://api.spotify.com/v1/audio-analysis/0mQVABspENyHvpVqRpnkxJ,0.762,130072,0.882,0mQVABspENyHvpVqRpnkxJ,0.000326,7,0.277,-3.814,1,0.072,99.044,4,https://api.spotify.com/v1/tracks/0mQVABspENyHvpVqRpnkxJ,audio_features,spotify:track:0mQVABspENyHvpVqRpnkxJ,0.597
into you - live,Ariana Grande,0.073,https://api.spotify.com/v1/audio-analysis/6rvHjRpnRhzQVeu8I5CqHp,0.59,179232,0.871,6rvHjRpnRhzQVeu8I5CqHp,0.000128,6,0.364,-3.665,0,0.113,109.869,4,https://api.spotify.com/v1/tracks/6rvHjRpnRhzQVeu8I5CqHp,audio_features,spotify:track:6rvHjRpnRhzQVeu8I5CqHp,0.234
my heart belongs to daddy - live,Ariana Grande,0.136,https://api.spotify.com/v1/audio-analysis/3HUJw4KvL5baIwuh0wWPoh,0.479,107322,0.591,3HUJw4KvL5baIwuh0wWPoh,1.16e-06,7,0.463,-9.129,1,0.0508,102.174,4,https://api.spotify.com/v1/tracks/3HUJw4KvL5baIwuh0wWPoh,audio_features,spotify:track:3HUJw4KvL5baIwuh0wWPoh,0.551
dangerous woman - live,Ariana Grande,0.086,https://api.spotify.com/v1/audio-analysis/5H7d8isXFW779pCK7lo4KT,0.407,233447,0.826,5H7d8isXFW779pCK7lo4KT,1.21e-06,4,0.979,-3.443,0,0.0926,133.942,3,https://api.spotify.com/v1/tracks/5H7d8isXFW779pCK7lo4KT,audio_features,spotify:track:5H7d8isXFW779pCK7lo4KT,0.277
break free - live,Ariana Grande,0.00926,https://api.spotify.com/v1/audio-analysis/1LD1TFK08cFUBPmhi3FRAA,0.626,151583,0.769,1LD1TFK08cFUBPmhi3FRAA,0.00097,3,0.95,-3.512,1,0.0513,130.044,4,https://api.spotify.com/v1/tracks/1LD1TFK08cFUBPmhi3FRAA,audio_features,spotify:track:1LD1TFK08cFUBPmhi3FRAA,0.255
no tears left to cry - live,Ariana Grande,0.467,https://api.spotify.com/v1/audio-analysis/32VSdGCv8wkAjUkVha9YBf,0.652,233417,0.791,32VSdGCv8wkAjUkVha9YBf,1.45e-06,0,0.967,-4.623,1,0.0655,121.922,4,https://api.spotify.com/v1/tracks/32VSdGCv8wkAjUkVha9YBf,audio_features,spotify:track:32VSdGCv8wkAjUkVha9YBf,0.383
"thank u, next - live",Ariana Grande,0.027,https://api.spotify.com/v1/audio-analysis/6AZaeRAPYnf5nKwV7HpSlQ,0.43,389728,0.811,6AZaeRAPYnf5nKwV7HpSlQ,0.0034,1,0.95,-5.511,1,0.101,107.036,4,https://api.spotify.com/v1/tracks/6AZaeRAPYnf5nKwV7HpSlQ,audio_features,spotify:track:6AZaeRAPYnf5nKwV7HpSlQ,0.223
imagine,Ariana Grande,0.378,https://api.spotify.com/v1/audio-analysis/39LmTF9RgyakzSYX8txrow,0.729,212267,0.475,39LmTF9RgyakzSYX8txrow,0.0,8,0.12,-4.985,1,0.0364,62.52,3,https://api.spotify.com/v1/tracks/39LmTF9RgyakzSYX8txrow,audio_features,spotify:track:39LmTF9RgyakzSYX8txrow,0.371
needy,Ariana Grande,0.78,https://api.spotify.com/v1/audio-analysis/1TEL6MlSSVLSdhOSddidlJ,0.647,171573,0.309,1TEL6MlSSVLSdhOSddidlJ,7.41e-06,7,0.202,-7.948,0,0.0366,87.045,4,https://api.spotify.com/v1/tracks/1TEL6MlSSVLSdhOSddidlJ,audio_features,spotify:track:1TEL6MlSSVLSdhOSddidlJ,0.195
NASA,Ariana Grande,0.451,https://api.spotify.com/v1/audio-analysis/4uTvPEr01pjTbZgl7jcKBD,0.747,182000,0.458,4uTvPEr01pjTbZgl7jcKBD,0.0,6,0.252,-6.891,1,0.303,75.029,4,https://api.spotify.com/v1/tracks/4uTvPEr01pjTbZgl7jcKBD,audio_features,spotify:track:4uTvPEr01pjTbZgl7jcKBD,0.47
bloodline,Ariana Grande,0.0815,https://api.spotify.com/v1/audio-analysis/2hloaUoRonYssMuqLCBLTX,0.758,216893,0.665,2hloaUoRonYssMuqLCBLTX,0.000157,2,0.216,-5.188,0,0.0774,151.976,4,https://api.spotify.com/v1/tracks/2hloaUoRonYssMuqLCBLTX,audio_features,spotify:track:2hloaUoRonYssMuqLCBLTX,0.643
fake smile,Ariana Grande,0.329,https://api.spotify.com/v1/audio-analysis/3wFLWP0FcIqHK1wb1CPthQ,0.45,208880,0.619,3wFLWP0FcIqHK1wb1CPthQ,0.0,9,0.319,-7.412,1,0.372,83.3,4,https://api.spotify.com/v1/tracks/3wFLWP0FcIqHK1wb1CPthQ,audio_features,spotify:track:3wFLWP0FcIqHK1wb1CPthQ,0.427
bad idea,Ariana Grande,0.0268,https://api.spotify.com/v1/audio-analysis/5Il6Oe7lr5XM7A0cWbVQtr,0.847,267107,0.579,5Il6Oe7lr5XM7A0cWbVQtr,0.0545,1,0.102,-5.314,1,0.0719,137.998,4,https://api.spotify.com/v1/tracks/5Il6Oe7lr5XM7A0cWbVQtr,audio_features,spotify:track:5Il6Oe7lr5XM7A0cWbVQtr,0.569
make up,Ariana Grande,0.0844,https://api.spotify.com/v1/audio-analysis/27356GVuMPFWiJSZCragoM,0.671,140693,0.714,27356GVuMPFWiJSZCragoM,1.48e-06,7,0.0568,-5.373,1,0.21,105.137,3,https://api.spotify.com/v1/tracks/27356GVuMPFWiJSZCragoM,audio_features,spotify:track:27356GVuMPFWiJSZCragoM,0.477
ghostin,Ariana Grande,0.418,https://api.spotify.com/v1/audio-analysis/2vdBo4ALPYbHRUPKgtE5iC,0.287,271467,0.364,2vdBo4ALPYbHRUPKgtE5iC,1.8e-05,9,0.185,-8.295,1,0.0306,103.777,4,https://api.spotify.com/v1/tracks/2vdBo4ALPYbHRUPKgtE5iC,audio_features,spotify:track:2vdBo4ALPYbHRUPKgtE5iC,0.11
in my head,Ariana Grande,0.173,https://api.spotify.com/v1/audio-analysis/4T652DlATVHe0jdLKaN3Bw,0.662,222947,0.6,4T652DlATVHe0jdLKaN3Bw,0.000137,0,0.109,-6.402,1,0.0703,134.979,4,https://api.spotify.com/v1/tracks/4T652DlATVHe0jdLKaN3Bw,audio_features,spotify:track:4T652DlATVHe0jdLKaN3Bw,0.331
7 rings,Ariana Grande,0.592,https://api.spotify.com/v1/audio-analysis/6ocbgoVGwYJhOv1GgI9NsF,0.778,178627,0.317,6ocbgoVGwYJhOv1GgI9NsF,0.0,1,0.0881,-10.732,0,0.334,140.048,4,https://api.spotify.com/v1/tracks/6ocbgoVGwYJhOv1GgI9NsF,audio_features,spotify:track:6ocbgoVGwYJhOv1GgI9NsF,0.327
"thank u, next",Ariana Grande,0.229,https://api.spotify.com/v1/audio-analysis/3e9HZxeyfWwjeyPAMmWSSQ,0.717,207320,0.653,3e9HZxeyfWwjeyPAMmWSSQ,0.0,1,0.101,-5.634,1,0.0658,106.966,4,https://api.spotify.com/v1/tracks/3e9HZxeyfWwjeyPAMmWSSQ,audio_features,spotify:track:3e9HZxeyfWwjeyPAMmWSSQ,0.412
"break up with your girlfriend, i'm bored",Ariana Grande,0.0421,https://api.spotify.com/v1/audio-analysis/4kV4N9D1iKVxx1KLvtTpjS,0.726,190440,0.554,4kV4N9D1iKVxx1KLvtTpjS,0.0,5,0.106,-5.29,0,0.0917,169.999,4,https://api.spotify.com/v1/tracks/4kV4N9D1iKVxx1KLvtTpjS,audio_features,spotify:track:4kV4N9D1iKVxx1KLvtTpjS,0.335
raindrops (an angel cried),Ariana Grande,0.942,https://api.spotify.com/v1/audio-analysis/0v2LUO8oTHnkjQ8MmKuXyk,0.336,37640,0.231,0v2LUO8oTHnkjQ8MmKuXyk,0.0,1,0.188,-6.217,1,0.0497,168.685,5,https://api.spotify.com/v1/tracks/0v2LUO8oTHnkjQ8MmKuXyk,audio_features,spotify:track:0v2LUO8oTHnkjQ8MmKuXyk,0.429
blazed (feat. Pharrell Williams),Ariana Grande,0.0793,https://api.spotify.com/v1/audio-analysis/4mLkiFppf8Xvem6BSY34qw,0.795,196360,0.759,4mLkiFppf8Xvem6BSY34qw,0.0,6,0.0805,-6.348,1,0.0528,110.021,4,https://api.spotify.com/v1/tracks/4mLkiFppf8Xvem6BSY34qw,audio_features,spotify:track:4mLkiFppf8Xvem6BSY34qw,0.855
the light is coming (feat. Nicki Minaj),Ariana Grande,0.0122,https://api.spotify.com/v1/audio-analysis/0sdbFOyfgAhAhWq8DpzkaW,0.877,228373,0.547,0sdbFOyfgAhAhWq8DpzkaW,1.51e-05,7,0.028,-5.705,1,0.18,99.034,4,https://api.spotify.com/v1/tracks/0sdbFOyfgAhAhWq8DpzkaW,audio_features,spotify:track:0sdbFOyfgAhAhWq8DpzkaW,0.687
R.E.M,Ariana Grande,0.375,https://api.spotify.com/v1/audio-analysis/1xWH8zYtDeS9mW1JJG23VZ,0.831,245667,0.485,1xWH8zYtDeS9mW1JJG23VZ,1.47e-05,10,0.118,-6.677,0,0.15,80.022,4,https://api.spotify.com/v1/tracks/1xWH8zYtDeS9mW1JJG23VZ,audio_features,spotify:track:1xWH8zYtDeS9mW1JJG23VZ,0.622
God is a woman,Ariana Grande,0.0233,https://api.spotify.com/v1/audio-analysis/5OCJzvD7sykQEKHH7qAC3C,0.602,197547,0.658,5OCJzvD7sykQEKHH7qAC3C,6e-05,1,0.237,-5.934,1,0.0558,145.031,4,https://api.spotify.com/v1/tracks/5OCJzvD7sykQEKHH7qAC3C,audio_features,spotify:track:5OCJzvD7sykQEKHH7qAC3C,0.268
sweetener,Ariana Grande,0.248,https://api.spotify.com/v1/audio-analysis/70khXICDeTTxgYtw3EysKH,0.721,208493,0.459,70khXICDeTTxgYtw3EysKH,0.0,4,0.212,-6.408,1,0.032,119.914,4,https://api.spotify.com/v1/tracks/70khXICDeTTxgYtw3EysKH,audio_features,spotify:track:70khXICDeTTxgYtw3EysKH,0.46
successful,Ariana Grande,0.107,https://api.spotify.com/v1/audio-analysis/5YeHLHDdQ4nKHk81XFWhCU,0.847,227387,0.603,5YeHLHDdQ4nKHk81XFWhCU,7.4e-06,0,0.106,-4.607,0,0.0397,114.045,4,https://api.spotify.com/v1/tracks/5YeHLHDdQ4nKHk81XFWhCU,audio_features,spotify:track:5YeHLHDdQ4nKHk81XFWhCU,0.735
everytime,Ariana Grande,0.186,https://api.spotify.com/v1/audio-analysis/0WdR2AyLW1Drd3OUdwezM0,0.71,172107,0.614,0WdR2AyLW1Drd3OUdwezM0,0.0,10,0.0974,-6.757,0,0.0431,148.152,4,https://api.spotify.com/v1/tracks/0WdR2AyLW1Drd3OUdwezM0,audio_features,spotify:track:0WdR2AyLW1Drd3OUdwezM0,0.658
breathin,Ariana Grande,0.0211,https://api.spotify.com/v1/audio-analysis/4OafepJy2teCjYJbvFE60J,0.568,198160,0.656,4OafepJy2teCjYJbvFE60J,1.37e-05,8,0.213,-5.413,1,0.0433,100.049,4,https://api.spotify.com/v1/tracks/4OafepJy2teCjYJbvFE60J,audio_features,spotify:track:4OafepJy2teCjYJbvFE60J,0.364
no tears left to cry,Ariana Grande,0.04,https://api.spotify.com/v1/audio-analysis/2qT1uLXPVPzGgFOx4jtEuo,0.699,205920,0.713,2qT1uLXPVPzGgFOx4jtEuo,3.11e-06,9,0.294,-5.507,0,0.0594,121.993,4,https://api.spotify.com/v1/tracks/2qT1uLXPVPzGgFOx4jtEuo,audio_features,spotify:track:2qT1uLXPVPzGgFOx4jtEuo,0.354
borderline (feat. Missy Elliott),Ariana Grande,0.058,https://api.spotify.com/v1/audio-analysis/4b7mLZQWsy0rLnrMtPA9fQ,0.761,177533,0.818,4b7mLZQWsy0rLnrMtPA9fQ,0.0,6,0.11,-5.238,0,0.0978,110.99,4,https://api.spotify.com/v1/tracks/4b7mLZQWsy0rLnrMtPA9fQ,audio_features,spotify:track:4b7mLZQWsy0rLnrMtPA9fQ,0.348
better off,Ariana Grande,0.216,https://api.spotify.com/v1/audio-analysis/3NbTQ8ZbHU6MSEVUFAVCJ9,0.597,171333,0.524,3NbTQ8ZbHU6MSEVUFAVCJ9,0.0,11,0.112,-7.247,1,0.0537,92.568,4,https://api.spotify.com/v1/tracks/3NbTQ8ZbHU6MSEVUFAVCJ9,audio_features,spotify:track:3NbTQ8ZbHU6MSEVUFAVCJ9,0.0549
goodnight n go,Ariana Grande,0.0217,https://api.spotify.com/v1/audio-analysis/14kYOiFVPb7E7NfFbqhdln,0.708,189507,0.454,14kYOiFVPb7E7NfFbqhdln,0.0,1,0.073,-7.07,1,0.0395,110.963,4,https://api.spotify.com/v1/tracks/14kYOiFVPb7E7NfFbqhdln,audio_features,spotify:track:14kYOiFVPb7E7NfFbqhdln,0.24
pete davidson,Ariana Grande,0.43,https://api.spotify.com/v1/audio-analysis/0XOnMqLQDO89iAg7dWWwnG,0.652,73813,0.31,0XOnMqLQDO89iAg7dWWwnG,1.16e-05,4,0.182,-10.212,1,0.0509,119.913,4,https://api.spotify.com/v1/tracks/0XOnMqLQDO89iAg7dWWwnG,audio_features,spotify:track:0XOnMqLQDO89iAg7dWWwnG,0.304
get well soon,Ariana Grande,0.657,https://api.spotify.com/v1/audio-analysis/7u6DMPznGbpziuEgCE0JGQ,0.604,322027,0.449,7u6DMPznGbpziuEgCE0JGQ,0.0,9,0.0932,-6.564,0,0.0353,100.355,4,https://api.spotify.com/v1/tracks/7u6DMPznGbpziuEgCE0JGQ,audio_features,spotify:track:7u6DMPznGbpziuEgCE0JGQ,0.528
Moonlight,Ariana Grande,0.42,https://api.spotify.com/v1/audio-analysis/1qcJdr8TYuGjFhjRoYNC3e,0.633,202360,0.412,1qcJdr8TYuGjFhjRoYNC3e,3.57e-06,9,0.048,-7.339,1,0.0284,102.215,3,https://api.spotify.com/v1/tracks/1qcJdr8TYuGjFhjRoYNC3e,audio_features,spotify:track:1qcJdr8TYuGjFhjRoYNC3e,0.214
Dangerous Woman,Ariana Grande,0.0529,https://api.spotify.com/v1/audio-analysis/1OhstguCoBQ4SXT8ugSmOl,0.664,235947,0.602,1OhstguCoBQ4SXT8ugSmOl,0.0,4,0.356,-5.369,0,0.0412,134.049,3,https://api.spotify.com/v1/tracks/1OhstguCoBQ4SXT8ugSmOl,audio_features,spotify:track:1OhstguCoBQ4SXT8ugSmOl,0.289
Be Alright,Ariana Grande,0.169,https://api.spotify.com/v1/audio-analysis/1MkFj1ThZZxjYMNkczx9mk,0.813,179293,0.456,1MkFj1ThZZxjYMNkczx9mk,2.86e-06,1,0.105,-7.667,0,0.0684,108.801,4,https://api.spotify.com/v1/tracks/1MkFj1ThZZxjYMNkczx9mk,audio_features,spotify:track:1MkFj1ThZZxjYMNkczx9mk,0.587
Into You,Ariana Grande,0.0162,https://api.spotify.com/v1/audio-analysis/49gRYU6hBWgSH2JVixGkJq,0.623,244440,0.734,49gRYU6hBWgSH2JVixGkJq,1.75e-06,9,0.145,-5.948,1,0.107,107.853,4,https://api.spotify.com/v1/tracks/49gRYU6hBWgSH2JVixGkJq,audio_features,spotify:track:49gRYU6hBWgSH2JVixGkJq,0.37
Side To Side,Ariana Grande,0.0198,https://api.spotify.com/v1/audio-analysis/4HeCFqiB1rBqGqvE10rF1a,0.644,226173,0.723,4HeCFqiB1rBqGqvE10rF1a,0.0,6,0.228,-6.278,0,0.231,159.17,4,https://api.spotify.com/v1/tracks/4HeCFqiB1rBqGqvE10rF1a,audio_features,spotify:track:4HeCFqiB1rBqGqvE10rF1a,0.616
Let Me Love You,Ariana Grande,0.0295,https://api.spotify.com/v1/audio-analysis/6VpLNElCyXW15cBixlnIu8,0.527,223880,0.435,6VpLNElCyXW15cBixlnIu8,0.0,2,0.243,-8.363,1,0.129,102.698,3,https://api.spotify.com/v1/tracks/6VpLNElCyXW15cBixlnIu8,audio_features,spotify:track:6VpLNElCyXW15cBixlnIu8,0.0781
Greedy,Ariana Grande,0.0367,https://api.spotify.com/v1/audio-analysis/6tcLyhPrmBEPaQ1Yz4MdGy,0.59,214880,0.704,6tcLyhPrmBEPaQ1Yz4MdGy,0.0,1,0.0984,-5.303,1,0.114,109.826,4,https://api.spotify.com/v1/tracks/6tcLyhPrmBEPaQ1Yz4MdGy,audio_features,spotify:track:6tcLyhPrmBEPaQ1Yz4MdGy,0.856
Leave Me Lonely,Ariana Grande,0.599,https://api.spotify.com/v1/audio-analysis/4Xg2NUXyF7cgvwSOs6PiSa,0.445,229680,0.446,4Xg2NUXyF7cgvwSOs6PiSa,2.21e-05,8,0.339,-7.468,0,0.0312,90.927,3,https://api.spotify.com/v1/tracks/4Xg2NUXyF7cgvwSOs6PiSa,audio_features,spotify:track:4Xg2NUXyF7cgvwSOs6PiSa,0.389
Everyday,Ariana Grande,0.0149,https://api.spotify.com/v1/audio-analysis/53SfB4huCgiRGmwzJdEo1u,0.637,194840,0.733,53SfB4huCgiRGmwzJdEo1u,0.0,7,0.162,-4.413,0,0.0563,131.004,4,https://api.spotify.com/v1/tracks/53SfB4huCgiRGmwzJdEo1u,audio_features,spotify:track:53SfB4huCgiRGmwzJdEo1u,0.431
Sometimes,Ariana Grande,0.0907,https://api.spotify.com/v1/audio-analysis/7IqSduDsieo2epoqA97NxC,0.397,226667,0.666,7IqSduDsieo2epoqA97NxC,0.0,1,0.344,-5.383,0,0.248,77.915,4,https://api.spotify.com/v1/tracks/7IqSduDsieo2epoqA97NxC,audio_features,spotify:track:7IqSduDsieo2epoqA97NxC,0.568
I Don't Care,Ariana Grande,0.728,https://api.spotify.com/v1/audio-analysis/7xagQoIf776ukUlgH4TyyB,0.591,178027,0.403,7xagQoIf776ukUlgH4TyyB,1.37e-06,0,0.153,-8.284,1,0.0431,111.934,4,https://api.spotify.com/v1/tracks/7xagQoIf776ukUlgH4TyyB,audio_features,spotify:track:7xagQoIf776ukUlgH4TyyB,0.288
Bad Decisions,Ariana Grande,0.0146,https://api.spotify.com/v1/audio-analysis/76RIfPBraSmXWC9LryUztF,0.698,226427,0.645,76RIfPBraSmXWC9LryUztF,0.0,4,0.269,-5.368,0,0.0416,131.948,4,https://api.spotify.com/v1/tracks/76RIfPBraSmXWC9LryUztF,audio_features,spotify:track:76RIfPBraSmXWC9LryUztF,0.788
Touch It,Ariana Grande,0.0303,https://api.spotify.com/v1/audio-analysis/7rlKlsYacU3PFLGD7ca1HL,0.536,260000,0.694,7rlKlsYacU3PFLGD7ca1HL,0.0,7,0.183,-4.369,0,0.0332,100.906,4,https://api.spotify.com/v1/tracks/7rlKlsYacU3PFLGD7ca1HL,audio_features,spotify:track:7rlKlsYacU3PFLGD7ca1HL,0.291
Knew Better / Forever Boy,Ariana Grande,0.235,https://api.spotify.com/v1/audio-analysis/1ywoy5kdf2LsG2019ClGjm,0.484,299213,0.381,1ywoy5kdf2LsG2019ClGjm,3.6e-06,6,0.0998,-6.705,1,0.0711,106.65,4,https://api.spotify.com/v1/tracks/1ywoy5kdf2LsG2019ClGjm,audio_features,spotify:track:1ywoy5kdf2LsG2019ClGjm,0.372
Thinking Bout You,Ariana Grande,0.0152,https://api.spotify.com/v1/audio-analysis/28tmK8wkE9y1UHdBKLd0nA,0.507,200387,0.696,28tmK8wkE9y1UHdBKLd0nA,0.000821,11,0.121,-6.027,1,0.0621,102.983,4,https://api.spotify.com/v1/tracks/28tmK8wkE9y1UHdBKLd0nA,audio_features,spotify:track:28tmK8wkE9y1UHdBKLd0nA,0.406
Step On Up,Ariana Grande,0.0874,https://api.spotify.com/v1/audio-analysis/3K1y89UHuAEZbpiSPbtAae,0.662,180853,0.877,3K1y89UHuAEZbpiSPbtAae,0.0,5,0.273,-4.185,0,0.112,110.905,4,https://api.spotify.com/v1/tracks/3K1y89UHuAEZbpiSPbtAae,audio_features,spotify:track:3K1y89UHuAEZbpiSPbtAae,0.545
Jason's Song (Gave It Away),Ariana Grande,0.45,https://api.spotify.com/v1/audio-analysis/0kngSEayfCOjR8w83R7vAT,0.65,264640,0.655,0kngSEayfCOjR8w83R7vAT,3.13e-05,7,0.073,-4.307,0,0.0631,105.95,4,https://api.spotify.com/v1/tracks/0kngSEayfCOjR8w83R7vAT,audio_features,spotify:track:0kngSEayfCOjR8w83R7vAT,0.562
Intro,Ariana Grande,0.969,https://api.spotify.com/v1/audio-analysis/0qMNPhpRzbghJy6G3SgRag,0.447,79840,0.182,0qMNPhpRzbghJy6G3SgRag,3.83e-05,6,0.327,-12.439,1,0.0324,89.814,4,https://api.spotify.com/v1/tracks/0qMNPhpRzbghJy6G3SgRag,audio_features,spotify:track:0qMNPhpRzbghJy6G3SgRag,0.096
Problem,Ariana Grande,0.0192,https://api.spotify.com/v1/audio-analysis/7vS3Y0IKjde7Xg85LWIEdP,0.66,193920,0.805,7vS3Y0IKjde7Xg85LWIEdP,8.83e-06,1,0.159,-5.352,0,0.153,103.008,4,https://api.spotify.com/v1/tracks/7vS3Y0IKjde7Xg85LWIEdP,audio_features,spotify:track:7vS3Y0IKjde7Xg85LWIEdP,0.625
One Last Time,Ariana Grande,0.093,https://api.spotify.com/v1/audio-analysis/7xoUc6faLbCqZO6fQEYprd,0.628,197267,0.593,7xoUc6faLbCqZO6fQEYprd,1.65e-06,8,0.096,-5.036,1,0.0323,125.026,4,https://api.spotify.com/v1/tracks/7xoUc6faLbCqZO6fQEYprd,audio_features,spotify:track:7xoUc6faLbCqZO6fQEYprd,0.104
Why Try,Ariana Grande,0.0494,https://api.spotify.com/v1/audio-analysis/40fHWRL8bKcl5J4t4OKUiW,0.443,211880,0.663,40fHWRL8bKcl5J4t4OKUiW,0.0,8,0.153,-5.946,0,0.0432,159.856,4,https://api.spotify.com/v1/tracks/40fHWRL8bKcl5J4t4OKUiW,audio_features,spotify:track:40fHWRL8bKcl5J4t4OKUiW,0.331
Break Free,Ariana Grande,0.0064,https://api.spotify.com/v1/audio-analysis/12KUFSHFgT0XCoiSlvdQi4,0.687,214840,0.702,12KUFSHFgT0XCoiSlvdQi4,4.35e-05,7,0.204,-5.324,0,0.0455,129.956,4,https://api.spotify.com/v1/tracks/12KUFSHFgT0XCoiSlvdQi4,audio_features,spotify:track:12KUFSHFgT0XCoiSlvdQi4,0.284
Best Mistake,Ariana Grande,0.546,https://api.spotify.com/v1/audio-analysis/70yhaHLp9STtzI2Kzba6Tr,0.654,233733,0.578,70yhaHLp9STtzI2Kzba6Tr,0.0,6,0.112,-6.897,1,0.449,143.867,4,https://api.spotify.com/v1/tracks/70yhaHLp9STtzI2Kzba6Tr,audio_features,spotify:track:70yhaHLp9STtzI2Kzba6Tr,0.233
Be My Baby,Ariana Grande,0.0735,https://api.spotify.com/v1/audio-analysis/0fonaf88IEDQM309zmU80L,0.622,217053,0.586,0fonaf88IEDQM309zmU80L,7.41e-06,3,0.0803,-6.241,0,0.0356,145.08,4,https://api.spotify.com/v1/tracks/0fonaf88IEDQM309zmU80L,audio_features,spotify:track:0fonaf88IEDQM309zmU80L,0.434
Break Your Heart Right Back,Ariana Grande,0.0113,https://api.spotify.com/v1/audio-analysis/0HGcQDbRen8luCnwH53sNl,0.726,253387,0.605,0HGcQDbRen8luCnwH53sNl,0.0,6,0.0639,-5.673,1,0.0628,93.93,4,https://api.spotify.com/v1/tracks/0HGcQDbRen8luCnwH53sNl,audio_features,spotify:track:0HGcQDbRen8luCnwH53sNl,0.588
Love Me Harder,Ariana Grande,0.00937,https://api.spotify.com/v1/audio-analysis/5J4ZkQpzMUFojo1CtAZYpn,0.472,236133,0.714,5J4ZkQpzMUFojo1CtAZYpn,0.0,1,0.0764,-4.389,0,0.0334,98.992,4,https://api.spotify.com/v1/tracks/5J4ZkQpzMUFojo1CtAZYpn,audio_features,spotify:track:5J4ZkQpzMUFojo1CtAZYpn,0.24
Just A Little Bit Of Your Heart,Ariana Grande,0.692,https://api.spotify.com/v1/audio-analysis/5lvnGiTAH9BVlJLHc0DXZz,0.439,232587,0.322,5lvnGiTAH9BVlJLHc0DXZz,0.0,9,0.103,-5.959,1,0.028,77.963,4,https://api.spotify.com/v1/tracks/5lvnGiTAH9BVlJLHc0DXZz,audio_features,spotify:track:5lvnGiTAH9BVlJLHc0DXZz,0.16
Hands On Me,Ariana Grande,0.214,https://api.spotify.com/v1/audio-analysis/1rNop31kdDmSj3Ds6xhIeS,0.662,192227,0.766,1rNop31kdDmSj3Ds6xhIeS,0.0,7,0.324,-5.694,1,0.0377,97.959,4,https://api.spotify.com/v1/tracks/1rNop31kdDmSj3Ds6xhIeS,audio_features,spotify:track:1rNop31kdDmSj3Ds6xhIeS,0.376
My Everything,Ariana Grande,0.88,https://api.spotify.com/v1/audio-analysis/4eumFsTnduH3zRfaASoAPs,0.54,168520,0.265,4eumFsTnduH3zRfaASoAPs,0.0,11,0.131,-5.307,1,0.0297,61.975,4,https://api.spotify.com/v1/tracks/4eumFsTnduH3zRfaASoAPs,audio_features,spotify:track:4eumFsTnduH3zRfaASoAPs,0.423
Bang Bang,Jessie J,0.283,https://api.spotify.com/v1/audio-analysis/466s1BacUmiRdR3ISvNjyx,0.703,199320,0.747,466s1BacUmiRdR3ISvNjyx,0.0,0,0.396,-4.446,0,0.0895,149.974,4,https://api.spotify.com/v1/tracks/466s1BacUmiRdR3ISvNjyx,audio_features,spotify:track:466s1BacUmiRdR3ISvNjyx,0.7
Only 1,Ariana Grande,0.5,https://api.spotify.com/v1/audio-analysis/6LQzYkmd8ADbKOOEVDnlG4,0.656,193987,0.842,6LQzYkmd8ADbKOOEVDnlG4,0.0,0,0.0787,-5.714,1,0.24,101.364,4,https://api.spotify.com/v1/tracks/6LQzYkmd8ADbKOOEVDnlG4,audio_features,spotify:track:6LQzYkmd8ADbKOOEVDnlG4,0.384
You Don't Know Me,Ariana Grande,0.0453,https://api.spotify.com/v1/audio-analysis/3hgl7EQwTutSm6PESsB7gZ,0.381,233720,0.631,3hgl7EQwTutSm6PESsB7gZ,0.0,0,0.129,-5.886,1,0.262,170.187,4,https://api.spotify.com/v1/tracks/3hgl7EQwTutSm6PESsB7gZ,audio_features,spotify:track:3hgl7EQwTutSm6PESsB7gZ,0.37
Honeymoon Avenue,Ariana Grande,0.218,https://api.spotify.com/v1/audio-analysis/5SmXEPnevlRjBPWBG7oKIi,0.692,339733,0.608,5SmXEPnevlRjBPWBG7oKIi,0.0,8,0.348,-5.233,0,0.041,125.005,4,https://api.spotify.com/v1/tracks/5SmXEPnevlRjBPWBG7oKIi,audio_features,spotify:track:5SmXEPnevlRjBPWBG7oKIi,0.448
Baby I,Ariana Grande,0.0152,https://api.spotify.com/v1/audio-analysis/6NmCCgnQcxKHPOAKgd9Nth,0.724,197600,0.796,6NmCCgnQcxKHPOAKgd9Nth,0.0,1,0.354,-3.686,1,0.0328,101.975,4,https://api.spotify.com/v1/tracks/6NmCCgnQcxKHPOAKgd9Nth,audio_features,spotify:track:6NmCCgnQcxKHPOAKgd9Nth,0.542
Right There,Ariana Grande,0.127,https://api.spotify.com/v1/audio-analysis/47rzxY9wSpomHE1gT94jIT,0.621,247080,0.834,47rzxY9wSpomHE1gT94jIT,0.0,7,0.0854,-3.166,1,0.105,156.099,4,https://api.spotify.com/v1/tracks/47rzxY9wSpomHE1gT94jIT,audio_features,spotify:track:47rzxY9wSpomHE1gT94jIT,0.561
Tattooed Heart,Ariana Grande,0.414,https://api.spotify.com/v1/audio-analysis/7JmIjOsRish3vYBSLTytEC,0.535,194707,0.519,7JmIjOsRish3vYBSLTytEC,0.0,7,0.142,-4.161,1,0.0273,72.06,4,https://api.spotify.com/v1/tracks/7JmIjOsRish3vYBSLTytEC,audio_features,spotify:track:7JmIjOsRish3vYBSLTytEC,0.32
Lovin' It,Ariana Grande,0.115,https://api.spotify.com/v1/audio-analysis/0CN72fWya38TPEQzrsr27w,0.624,180693,0.825,0CN72fWya38TPEQzrsr27w,0.0,6,0.276,-3.841,0,0.0422,93.996,4,https://api.spotify.com/v1/tracks/0CN72fWya38TPEQzrsr27w,audio_features,spotify:track:0CN72fWya38TPEQzrsr27w,0.428
Piano,Ariana Grande,0.164,https://api.spotify.com/v1/audio-analysis/1FSfCzJd8aSQ0nqTSbN4PO,0.738,234427,0.804,1FSfCzJd8aSQ0nqTSbN4PO,0.0,1,0.826,-4.286,0,0.0815,120.017,4,https://api.spotify.com/v1/tracks/1FSfCzJd8aSQ0nqTSbN4PO,audio_features,spotify:track:1FSfCzJd8aSQ0nqTSbN4PO,0.725
Daydreamin',Ariana Grande,0.234,https://api.spotify.com/v1/audio-analysis/2CcQDI2IDhHbmBIFup58JE,0.675,211293,0.648,2CcQDI2IDhHbmBIFup58JE,0.0,7,0.561,-6.003,1,0.0317,114.051,3,https://api.spotify.com/v1/tracks/2CcQDI2IDhHbmBIFup58JE,audio_features,spotify:track:2CcQDI2IDhHbmBIFup58JE,0.322
The Way,Ariana Grande,0.294,https://api.spotify.com/v1/audio-analysis/0S4RKPbRDA72tvKwVdXQqe,0.645,227027,0.878,0S4RKPbRDA72tvKwVdXQqe,0.0,5,0.076,-3.208,0,0.113,82.324,4,https://api.spotify.com/v1/tracks/0S4RKPbRDA72tvKwVdXQqe,audio_features,spotify:track:0S4RKPbRDA72tvKwVdXQqe,0.862
You’ll Never Know,Ariana Grande,0.0546,https://api.spotify.com/v1/audio-analysis/6d8XhbAw4IoKPnVD07Sb9b,0.764,214280,0.842,6d8XhbAw4IoKPnVD07Sb9b,0.0,6,0.0351,-3.835,1,0.059,105.015,4,https://api.spotify.com/v1/tracks/6d8XhbAw4IoKPnVD07Sb9b,audio_features,spotify:track:6d8XhbAw4IoKPnVD07Sb9b,0.869
Almost Is Never Enough,Ariana Grande,0.825,https://api.spotify.com/v1/audio-analysis/442j8VxaB60dWf9cBFuX5w,0.324,327773,0.327,442j8VxaB60dWf9cBFuX5w,0.0,2,0.101,-7.494,1,0.0409,81.328,4,https://api.spotify.com/v1/tracks/442j8VxaB60dWf9cBFuX5w,audio_features,spotify:track:442j8VxaB60dWf9cBFuX5w,0.334
Popular Song,MIKA,0.152,https://api.spotify.com/v1/audio-analysis/6AviHKu3ydzAePBmzEi62v,0.666,200213,0.81,6AviHKu3ydzAePBmzEi62v,0.0,8,0.0613,-4.574,1,0.0458,99.023,4,https://api.spotify.com/v1/tracks/6AviHKu3ydzAePBmzEi62v,audio_features,spotify:track:6AviHKu3ydzAePBmzEi62v,0.811
Better Left Unsaid,Ariana Grande,0.0397,https://api.spotify.com/v1/audio-analysis/0vyQdRbRJRRY8GGuM8eVVI,0.594,211227,0.83,0vyQdRbRJRRY8GGuM8eVVI,0.000145,9,0.104,-4.024,1,0.0328,129.998,4,https://api.spotify.com/v1/tracks/0vyQdRbRJRRY8GGuM8eVVI,audio_features,spotify:track:0vyQdRbRJRRY8GGuM8eVVI,0.283
"yes, and? (with Mariah Carey) - Remix",Ariana Grande,0.0876,https://api.spotify.com/v1/audio-analysis/5LBv48NNyHsknRYwFWC361,0.742,214994,0.769,5LBv48NNyHsknRYwFWC361,2.68e-06,8,0.0949,-5.346,1,0.0604,118.99,4,https://api.spotify.com/v1/tracks/5LBv48NNyHsknRYwFWC361,audio_features,spotify:track:5LBv48NNyHsknRYwFWC361,0.778
"yes, and?",Ariana Grande,0.19,https://api.spotify.com/v1/audio-analysis/2ckw25vIQjnbN03XRwp55B,0.787,214994,0.775,2ckw25vIQjnbN03XRwp55B,6.54e-05,1,0.113,-6.614,1,0.0548,118.998,4,https://api.spotify.com/v1/tracks/2ckw25vIQjnbN03XRwp55B,audio_features,spotify:track:2ckw25vIQjnbN03XRwp55B,0.787
"yes, and? - edit",Ariana Grande,0.111,https://api.spotify.com/v1/audio-analysis/5wiAFvYjgrzxlyYxDXP155,0.776,190755,0.837,5wiAFvYjgrzxlyYxDXP155,1.66e-05,1,0.132,-6.057,1,0.051,118.984,4,https://api.spotify.com/v1/tracks/5wiAFvYjgrzxlyYxDXP155,audio_features,spotify:track:5wiAFvYjgrzxlyYxDXP155,0.863
"yes, and? - extended mix",Ariana Grande,0.0836,https://api.spotify.com/v1/audio-analysis/12SdfiD7MIRteeIXWdvxpl,0.818,308204,0.763,12SdfiD7MIRteeIXWdvxpl,0.00109,1,0.101,-6.661,1,0.0495,119.015,4,https://api.spotify.com/v1/tracks/12SdfiD7MIRteeIXWdvxpl,audio_features,spotify:track:12SdfiD7MIRteeIXWdvxpl,0.807
"yes, and? - sped up",Ariana Grande,0.181,https://api.spotify.com/v1/audio-analysis/0eE0ymf1EjMk1ycmFO2cfH,0.774,193868,0.755,0eE0ymf1EjMk1ycmFO2cfH,0.000144,0,0.188,-6.656,1,0.0958,132.055,4,https://api.spotify.com/v1/tracks/0eE0ymf1EjMk1ycmFO2cfH,audio_features,spotify:track:0eE0ymf1EjMk1ycmFO2cfH,0.859
"yes, and? - a cappella",Ariana Grande,0.876,https://api.spotify.com/v1/audio-analysis/61qw8LTaRFn11q37hQB6ns,0.499,196651,0.319,61qw8LTaRFn11q37hQB6ns,0.0,3,0.0677,-9.56,1,0.0576,113.085,4,https://api.spotify.com/v1/tracks/61qw8LTaRFn11q37hQB6ns,audio_features,spotify:track:61qw8LTaRFn11q37hQB6ns,0.28
"yes, and? - slowed",Ariana Grande,0.224,https://api.spotify.com/v1/audio-analysis/0WUfD4IZdOgo85xz3YX3oh,0.774,241298,0.699,0WUfD4IZdOgo85xz3YX3oh,6.67e-05,1,0.0945,-6.823,1,0.0325,106.025,4,https://api.spotify.com/v1/tracks/0WUfD4IZdOgo85xz3YX3oh,audio_features,spotify:track:0WUfD4IZdOgo85xz3YX3oh,0.672
"yes, and? - instrumental",Ariana Grande,0.00126,https://api.spotify.com/v1/audio-analysis/3lZu2q4dHAFQ8Rc5TKjQG1,0.888,214994,0.687,3lZu2q4dHAFQ8Rc5TKjQG1,0.871,1,0.0841,-7.711,1,0.0429,118.968,4,https://api.spotify.com/v1/tracks/3lZu2q4dHAFQ8Rc5TKjQG1,audio_features,spotify:track:3lZu2q4dHAFQ8Rc5TKjQG1,0.672
"yes, and? - extended mix instrumental",Ariana Grande,0.00132,https://api.spotify.com/v1/audio-analysis/3AF1Q0Ce50AsqrX6qKbZEc,0.883,308204,0.714,3AF1Q0Ce50AsqrX6qKbZEc,0.847,1,0.0962,-7.548,1,0.0417,118.808,4,https://api.spotify.com/v1/tracks/3AF1Q0Ce50AsqrX6qKbZEc,audio_features,spotify:track:3AF1Q0Ce50AsqrX6qKbZEc,0.716
"yes, and? - Felix Jaehn Remix",Ariana Grande,0.00195,https://api.spotify.com/v1/audio-analysis/76AW0YyMzLIenJ8SSh1PwT,0.628,235389,0.91,76AW0YyMzLIenJ8SSh1PwT,0.252,10,0.219,-5.648,0,0.0454,128.01,4,https://api.spotify.com/v1/tracks/76AW0YyMzLIenJ8SSh1PwT,audio_features,spotify:track:76AW0YyMzLIenJ8SSh1PwT,0.639
"yes, and? - Jonas Blue Remix",Ariana Grande,0.0266,https://api.spotify.com/v1/audio-analysis/4h2fgDf2gpwx5s4IwEr58I,0.632,212903,0.825,4h2fgDf2gpwx5s4IwEr58I,0.00413,1,0.112,-4.348,1,0.0353,124.017,4,https://api.spotify.com/v1/tracks/4h2fgDf2gpwx5s4IwEr58I,audio_features,spotify:track:4h2fgDf2gpwx5s4IwEr58I,0.307
"yes, and? - The Blessed Madonna’s Godsquad Mix",Ariana Grande,0.0448,https://api.spotify.com/v1/audio-analysis/4TYzMbXyJdEpFt7vspHHEM,0.868,301980,0.677,4TYzMbXyJdEpFt7vspHHEM,0.0121,8,0.12,-7.089,1,0.0603,121.992,4,https://api.spotify.com/v1/tracks/4TYzMbXyJdEpFt7vspHHEM,audio_features,spotify:track:4TYzMbXyJdEpFt7vspHHEM,0.684
"yes, and? - Felix Jaehn Remix",Ariana Grande,0.00144,https://api.spotify.com/v1/audio-analysis/6R5licKQW6P3UD64RWtKxb,0.627,235390,0.907,6R5licKQW6P3UD64RWtKxb,0.395,10,0.215,-5.649,0,0.0436,128.022,4,https://api.spotify.com/v1/tracks/6R5licKQW6P3UD64RWtKxb,audio_features,spotify:track:6R5licKQW6P3UD64RWtKxb,0.614
"yes, and? - Jonas Blue Remix",Ariana Grande,0.0282,https://api.spotify.com/v1/audio-analysis/62iX6bbxe9T81LrNwqre3p,0.623,212903,0.819,62iX6bbxe9T81LrNwqre3p,0.00441,1,0.105,-4.373,1,0.0404,124.014,4,https://api.spotify.com/v1/tracks/62iX6bbxe9T81LrNwqre3p,audio_features,spotify:track:62iX6bbxe9T81LrNwqre3p,0.311
"yes, and? - The Blessed Madonna’s Godsquad Mix",Ariana Grande,0.044,https://api.spotify.com/v1/audio-analysis/1GxNDaFx9411X1g7cCf55E,0.865,301982,0.699,1GxNDaFx9411X1g7cCf55E,0.00905,10,0.125,-7.085,0,0.0599,122.008,4,https://api.spotify.com/v1/tracks/1GxNDaFx9411X1g7cCf55E,audio_features,spotify:track:1GxNDaFx9411X1g7cCf55E,0.741
"yes, and? - The Blessed Madonna’s Godsquad Mix",Ariana Grande,0.048,https://api.spotify.com/v1/audio-analysis/5jvgyMX8IQwzpGeWi6P4Xo,0.866,301982,0.682,5jvgyMX8IQwzpGeWi6P4Xo,0.0105,10,0.128,-7.099,0,0.0682,121.984,4,https://api.spotify.com/v1/tracks/5jvgyMX8IQwzpGeWi6P4Xo,audio_features,spotify:track:5jvgyMX8IQwzpGeWi6P4Xo,0.733
"yes, and? - Jonas Blue Remix",Ariana Grande,0.0311,https://api.spotify.com/v1/audio-analysis/3oVfohX6LdBkD568rzE8Y7,0.629,212903,0.839,3oVfohX6LdBkD568rzE8Y7,0.0081,1,0.117,-4.351,1,0.0388,124.025,4,https://api.spotify.com/v1/tracks/3oVfohX6LdBkD568rzE8Y7,audio_features,spotify:track:3oVfohX6LdBkD568rzE8Y7,0.291
"yes, and? - Felix Jaehn Remix",Ariana Grande,0.00186,https://api.spotify.com/v1/audio-analysis/7hze5qL4MAO9K3aQFT7EUe,0.625,235389,0.909,7hze5qL4MAO9K3aQFT7EUe,0.344,10,0.217,-5.638,0,0.045,128.016,4,https://api.spotify.com/v1/tracks/7hze5qL4MAO9K3aQFT7EUe,audio_features,spotify:track:7hze5qL4MAO9K3aQFT7EUe,0.624
"yes, and? - Felix Jaehn Remix",Ariana Grande,0.00144,https://api.spotify.com/v1/audio-analysis/7dr1lLSbw7UaEch1ycBxRc,0.63,235390,0.904,7dr1lLSbw7UaEch1ycBxRc,0.301,10,0.217,-5.651,0,0.0442,128.026,4,https://api.spotify.com/v1/tracks/7dr1lLSbw7UaEch1ycBxRc,audio_features,spotify:track:7dr1lLSbw7UaEch1ycBxRc,0.63
Die For You - Remix,The Weeknd,0.232,https://api.spotify.com/v1/audio-analysis/7oDd86yk8itslrA9HRP2ki,0.531,232857,0.525,7oDd86yk8itslrA9HRP2ki,0.0,1,0.441,-6.5,0,0.0671,66.9,4,https://api.spotify.com/v1/tracks/7oDd86yk8itslrA9HRP2ki,audio_features,spotify:track:7oDd86yk8itslrA9HRP2ki,0.502
